臺南市公共管線圖資,提供臺南市公共管線圖資(含孔蓋閥)，包含全市37區道路範圍圖資。「公共管線圖資係由轄區管線單位提供，其圖資僅供參考，如需取得詳細資料，仍須跟各管線單位洽詢。」,/dataset/pubpipe
臺南市登革熱病媒蚊密度調查,編號、調查日期、縣市別、區別、里別、經度座標、緯度座標、調查種類、調查戶數、陽性戶數、調查容器數、陽性容器數、布氏指數、容器指數,/dataset/df-mosquito-density
臺南市機車定檢站地址,本資料集提供臺南市機車定檢站地址資訊。,/dataset/motocyclecheck
屆滿或即將屆滿15年未領歸屬國庫案件,「序號」、「保管字號」、「道路名稱」、「區」、「段」、「地號」、「姓名」、「住址」,/dataset/15
臺南市空氣品質監測資料,本資料集提供臺南市空氣品質監測資訊。,/dataset/aircheckcsv
臺南市洗掃街作業資料,本資料集提供臺南市洗掃街作業資訊。,/dataset/streetclean01
臺南市空氣品質淨化區資料,本資料集提供臺南市空氣品質淨化區資訊。,/dataset/aircleanlist
未受領徵收補償費保管清冊統計表,未受領徵收補償費保管清冊統計表,/dataset/retain
臺南市非都市土地分區編定統計表,臺南市非都市土地分區編定統計表,/dataset/landusedesignation
臺南市公告徵收土地地籍資料,臺南市公告徵收土地地籍資料,/dataset/landexpropriationpost
臺南市土地徵收統計表,臺南市土地徵收統計表,/dataset/landexpropriation
非都市土地使用地變更編定筆數及面積,非都市土地使用地變更編定筆數及面積,/dataset/landchange
旅遊人數明細表,本資料集提供古蹟旅遊人數明細表,/dataset/tourists-statis
臺南市公地撥用統計表,臺南市公地撥用統計表 ,/dataset/landappropriation
非都市土地變更編定筆數及面積,非都市土地變更編定筆數及面積,/dataset/change
臺南問路店,提供台南問路店列表,/dataset/qa-store
臺南市地方文化館相關資訊,臺南市地方文化館地址資料及相關開放資訊。,/dataset/localculturalmuseum
歷史名人資料,對臺南各領域有重大貢獻，並具全國、世界、歷史知名度之已故名人資料蒐集。,/dataset/historicalcelebrity
台南市政府就業資訊,本資料集提供台南市政府就業資訊,/dataset/employment-info
0206地震專區,提供與105年2月6日地震相關資料,/dataset/0206-earthquake
文史工作室登記資料表,文化局文史工作室登記資料,/dataset/historyworkshop
臺南市非法旅宿裁罰名單,非法旅宿裁罰名單,/dataset/sanctionlist
臺南市遺址資訊,臺南市遺址資訊,/dataset/site
1999每月派工案件,1999每月派工案件,/dataset/1999
大台南公車運量資訊（103~106年）,提供大台南公車運量資訊,/dataset/bus-ridership
臺南市最新債務訊息,提供臺南市最新債務訊息,/dataset/ndebt
臺南市76年迄今累進起點地價,臺南市76年迄今累進起點地價,/dataset/76
替代役役男家屬安家費及三節生活扶助金,臺南市替代役役男家屬安家費及三節生活扶助金統計,/dataset/conscription4
常備兵役役男家屬安家費及三節生活扶助金,臺南市常備兵役役男家屬安家費及三節生活扶助金統計,/dataset/conscription3
軍人公墓(忠靈祠)葬厝表,臺南市軍人公墓(忠靈祠)葬厝表,/dataset/conscription2
臺南市土地筆數面積公告土地現值統計表,各行政區土地筆數面積公告土地現值統計,/dataset/tn-land-value-02
臺南市地價區段數統計表,各行政區地價區段數統計,/dataset/tn-land-value-03
臺南市公告土地現值暨公告地價調整情形表,各行政區公告土地現值暨公告地價調整情形,/dataset/tn-land-value-01
臺南市非都市土地使用分區筆數面積公告土地現值統計表,各行政區非都市土地使用分區筆數面積公告土地現值統計,/dataset/tn-land-value-04
每月臺南市消防緊急救護服務統計,本資料集提供每月臺南市消防緊急救護服務統計。,/dataset/emergency-service-statistics
臺南市地價稅稅率及稅額計算表,本資料集提供臺南市各稅地種類地價稅稅率及稅額計算式,/dataset/landvaluetax-rate-count
火災調查資料,本資料集提供火災調查資料。,/dataset/fire-investigation-data
社區營造經費表,本市推動社區營造相關經費及補助資訊,/dataset/ccez
救災出勤資料,本資料集提供救災出勤資料。,/dataset/rescue-statistics
消防水源資料,本資料集提供消防水源資料。,/dataset/fire-water-supply
臺南市政府市長及副市長公務禮儀受贈品清冊,本資料集提供臺南市政府市長及副市長公務禮儀受贈品清冊。   致贈者若不同意公布，請與本府秘書處聯絡。電話：06-2991518或2981282。,/dataset/gift
臺南市地價評議委員會評議案件數量統計表,本市年度、地評會次數、評議案件數量,/dataset/tn-land-value-09
臺南市土地徵收補償市價查估及評議作業情形表,年度、估價基準日、案件數量,/dataset/tn-land-value-10
臺南市開業不動產估價師名冊,姓名、事務所名稱、電話、地址,/dataset/tn-land-value-11
臺南市地價指數漲跌幅表,行政區、住、商、工、總計漲跌幅,/dataset/tn-land-value-05
臺南市不動產實價登錄資訊-買賣案件,包含標的位置(去識別化)、面積、總價等資訊,/dataset/tn-land-value-06
臺南市不動產實價登錄資訊-租賃案件,包含標的位置(去識別化)、面積、總價等資訊,/dataset/tn-land-value-07
經紀業設立備查數量統計表,經紀業設立備查數量統計(內政部統計資料),/dataset/establish
臺南市不動產拍賣統計表,本資料集提供臺南市不動產拍賣統計表,/dataset/real-auction-business
臺南市不動產買賣統計表,本資料集提供臺南市不動產買賣統計表,/dataset/real-estate-business
臺南市建物第一次移轉統計表,「年月」、「區名」、「六層以下-筆數」、「六層以下-面積(M2)」、「七層以上-筆數」,/dataset/build-transfer-statis
臺南市建物第一次登記統計表,本資料集提供臺南市建物第一次登記統計表,/dataset/build-registration-statis
臺南市自主衛生管理評核優良商家--2018/03/02更新,本資料集主要提供臺南市自主衛生管理評核優良商家,/dataset/sanitation-certified-stores
臺南市環保局對民間團體補(捐)助經費明細表,臺南市政府環境保護局對民間團體補(捐)助經費明細表,/dataset/supply
臺南市抽驗水質(溫泉、游泳池、三溫暖)檢驗結果總表--2017/12/08更新,臺南市抽驗水質(溫泉、游泳池、三溫暖)檢驗結果總表,/dataset/water-quality-reports
人民申請案件處理時限表,人民申請案件處理時限表,/dataset/people-apply
登革熱專區,本資料集提供臺南市登革熱疫情相關資料,/dataset/dengue-dist
臺南市外國人地權登記管理統計表,臺南市外國人地權買賣移轉不動產情形,/dataset/foreigner
臺南市流感抗病毒藥劑合約醫療機構名冊暨藥劑配置量一覽表--2018/02/08更新,本資料集主要提供臺南市流感抗病毒藥劑合約醫療機構名冊暨藥劑配置量,/dataset/100healthylunch
臺南市車輛拖吊路段與件數,臺南市車輛拖吊路段與件數,/dataset/towing
臺南市第二屆里長名冊,臺南市第二屆里長名冊,/dataset/tainan-city-second-session-chief-of-village
臺南市稅務行政救濟案件處理資料表,臺南市稅務行政救濟案件處理資料表,/dataset/tax-administrative-remedy
臺南市流感疫苗接種合約醫療院所名單,本資料集主要提供流感疫苗接種合約醫療院所名單,/dataset/101healthhotel
臺南市環保志義工環境清潔執行成果,本資料集提供臺南市環保志義工環境清潔執行成果資訊。,/dataset/103envpeople
臺南市市售食品抽驗不符合規定明細,本資料集主要提供臺南市市售食品抽驗不符合規定明細列表,/dataset/hea-fda32-1040304
各類食品抽驗結果,各類食品抽驗結果,/dataset/111
食品器具、食品容器或包裝、食品用洗潔劑檢驗結果,食品器具、食品容器或包裝、食品用洗潔劑檢驗結果,/dataset/112
社會福利項目,以資料集形式彙整社會福利相關提供查詢，目前尚未完備仍在測試系統接取中。,/dataset/welfare-item
臺南市已登記不動產統計表,本資料集提供臺南市已登記不動產統計表,/dataset/regis-real-estate-statis
臺南市查(核)定開徵數情形,臺南市查(核)定開徵數情形,/dataset/taxstat
臺南市未徵數情形,臺南市未徵數情形,/dataset/notyet
臺南市高齡友善藥局名單,本資料集主要提供臺南市高齡友善藥局名單,/dataset/elddrugstore
臺南市beacon點位,      提供臺南市智慧城市佈建Beacon點位資料。 ,/dataset/beacon
臺南市地價稅徵績,臺南市地價稅徵績,/dataset/landtaxgrade
臺南市最近5年地價稅稅源統計表,臺南市最近5年地價稅稅源統計表,/dataset/landvaluetax
臺南市地價稅查定表,臺南市地價稅查定表,/dataset/landtaxfinal
臺南市地價稅徵績統計表(按區別),臺南市地價稅徵績統計表(按區別),/dataset/landtaxbydistrict
臺南市房屋稅收稅籍數及實徵數(按里別),臺南市房屋稅收稅籍數及實徵數(按里別),/dataset/housetaxsumbylee
臺南市契稅稅源表(按月份),臺南市契稅稅源表(按月份),/dataset/deedtaxsource
臺南市合法溫泉業者,臺南市合法溫泉業者,/dataset/hotspringlicense
臺南市繳稅方式統計表,臺南市繳稅方式統計表,/dataset/paytaxway
臺南市全功能服務櫃臺統計表,臺南市全功能服務櫃臺統計表,/dataset/fullfunctionstat
臺南景點,本資料集提供臺南市景點列表。,/dataset/landmark2
復查案件辦理情形統計表,本局每年所受理復查案件之辦結情形(含復查駁回、原處分撤銷或變更、協談撤回)，分別就各稅目之案件類型予以統計。,/dataset/case-check
臺南市土地增值稅查定筆數及實徵稅額統計表(按區別),臺南市土地增值稅查定筆數及實徵稅額統計表(按區別),/dataset/landvalueaddedtaxstat
臺南市最近5年土地增值稅稅源統計表,臺南市最近5年土地增值稅稅源統計表,/dataset/avm
臺南市印花稅徵收,臺南市印花稅徵收,/dataset/stamptaxcollect
臺南市契稅徵收,臺南市契稅徵收,/dataset/deedtaxcollection
臺南市不動產實價登錄資訊-預售屋案件,包含標的位置(去識別化)、面積、總價等資訊,/dataset/tn-land-value-08
臺南市契稅查定筆數及實徵稅額統計表,臺南市契稅查定筆數及實徵稅額統計表,/dataset/deedtaxstat
臺南市最近5年契稅綜合統計表,臺南市最近5年契稅綜合統計表,/dataset/deedtax
使用牌照稅稅源統計表,台南市使用牌照稅稅源統計分析(含免稅及應稅車輛),/dataset/vehiclelicensetax-source
臺南市市售抽驗計畫加水站管理,抽驗計畫加水站管理,/dataset/232
臺南市房屋稅徵績,臺南市房屋稅徵績,/dataset/housetaxsum
臺南市房屋稅稅籍統計表,提供臺南市房屋稅稅籍統計,/dataset/house-tax-stat
臺南市最近5年房屋稅綜合統計表,臺南市最近5年房屋稅綜合統計表,/dataset/housetax
臺南市房屋稅查定表,臺南市房屋稅查定表,/dataset/tainan-house-tax-result
臺南市各項稅捐實徵淨額與預算數及上年同期比較,臺南市各項稅捐實徵淨額與預算數及上年同期比較,/dataset/taxmiscellaneous3
娛樂稅稅源月報表,提供本市電影等11大類32細項娛樂業當月查定、申報家數及當月查定(報繳)、實徵稅額等資料，其中營業細項代碼請參考娛樂稅營業細項及代碼對照表資料集,/dataset/amusementtax-source
臺南市政府財政稅務局公文處理成績月報表,"年月,一般案件平均速度(日),存查件數,創簽稿已結件數,一般案件已結件數,受會案件已結件數,特殊案",/dataset/document-process
他縣市稅捐機關代發本市資料統計,他縣市稅捐機關代發本市資料統計,/dataset/taxmiscellaneous2
本局代發他縣市稅捐機關作業統計,本局代發他縣市稅捐機關作業統計,/dataset/taxmiscellaneous
臺南市網路與臨櫃申報件數統計表,臺南市網路與臨櫃申報件數統計表,/dataset/declare
臺南市政府警察局受理(查獲)失蹤人口案件統計,臺南市政府警察局受理(查獲)失蹤人口案件統計,/dataset/missing
臺南市犯罪統計資訊,"提供臺南市全般刑案發生數、破獲數及破獲率資訊   (如有開啟CSV檔案後中文為亂碼之情形,係您使用之程式讀取UTF-8編碼發生問題,請先以記事本開啟一次後存檔關閉,再重新開啟即正常)",/dataset/policedata031
少年竊盜犯罪熱點,少年竊盜犯罪熱點,/dataset/junior
臺南市土壤及地下水污染控制場址,本資料集提供臺南市土壤及地下水污染控制場址資訊。,/dataset/soiluwconadd
臺南市土壤及地下水污染整治場址,本資料集提供臺南市土壤及地下水污染整治場址資訊。,/dataset/soiluwmadeadd
臺南市地下水監測資料,本資料集提供臺南市地下水監測資訊。,/dataset/103underwatercon
食品工廠廠商清冊,,/dataset/f105-1
工業油脂流向申報廠商清冊,工業油脂流向申報廠商清冊,/dataset/106-02
臺南市公告土地現值表,臺南市各年度公告土地現值,/dataset/tn-land-value-00
臺南市公告地價表,行政區、地段、地號、公告地價,/dataset/tn-land-value-00b
臺南市機車失竊案件統計資料,提供臺南市機車失竊案件統計資料,/dataset/motocycle
臺南市汽車失竊案件統計資料,提供臺南市汽車失竊案件統計資料,/dataset/car
臺南市自行車失竊案件統計資料,提供臺南市自行車失竊案件統計資料,/dataset/policedata-bicycle
臺南市舉發違反道路交通管理事件成果,臺南市舉發違反道路交通管理事件成果,/dataset/policedata021
臺南市環保局有機培養土兌換實施方式,本資料集提供臺南市政府環境保護局有機培養土兌換實施方式資訊。,/dataset/opexctaa
臺南市農藥廢容器回收方式,本資料集提供臺南市農藥廢容器回收方式資訊。 ,/dataset/corecycle
臺南市安定區域性聯合滲出水集中處理廠放流水檢測報告,本資料集提供安定區域性聯合滲出水集中處理廠放流水檢測報告資訊。,/dataset/andingflowcon
臺南市藏金閣服務項目,本資料集提供臺南市藏金閣服務項目資訊。,/dataset/goldservice
臺南市藏金閣平日商品瀏覽區清單,提供藏金閣平日商品瀏覽區清單資料,/dataset/golditemlist
臺南市移污污染源稽查管制計畫_召回烏賊車檢測結果,臺南市移污污染源稽查管制計畫_召回烏賊車檢測結果,/dataset/mobilepollution2
臺南市移動污染源稽查管制計畫_攔檢作業,臺南市移動污染源稽查管制計畫_攔檢作業,/dataset/mobilepollution1
臺南市商業設立登記清冊,本資料集商業設立登記月報,/dataset/businessnew
特定行業清冊,本資料集特定行業清冊,/dataset/0515
白河區稻米作物空間分布,本項資料為委託專案團隊，以105年衛星影像判釋白河區(二期)稻米作物空間分布成果(最小判釋單元為地號)，欲開啟本檔案可使用免費之QGIS軟體,/dataset/rice
白河區香蕉作物空間分布,本項資料為委託專案團隊，以105年衛星影像判釋白河區香蕉作物空間分布成果(最小判釋單元為地號)，欲開啟本檔案可使用免費之QGIS軟體,/dataset/banana106
白河區蓮子作物空間分布,本項資料為委託專案團隊，以105年衛星影像判釋白河區蓮子作物空間分布成果(最小判釋單元為地號)，欲開啟本檔案可使用免費之QGIS軟體,/dataset/ls106
臺南市104年蘇迪勒颱風農產業救助資料,臺南市各區、各里、各地段104年蘇迪勒颱風農產業救助統計資料,/dataset/cd10408
臺南市104年杜鵑颱風農產業救助資料,臺南市各區、各里、各地段104年杜鵑颱風農產業救助統計資料,/dataset/cd104
臺南市105年梅姬颱風及9月風災雨害農產業救助資料,臺南市各區、各里、各地段105年梅姬颱風及9月風災雨害農產業救助統計資料,/dataset/cd
臺南市交通號誌（路口紅綠燈）4G WiFi 點位資料,熱點類別、熱點名稱、熱點分類、建置年度、行政區、地址、熱點緯度、熱點經度,/dataset/traffic-light-4g-wifi
白河區UAV拼接完成影像服務,本項資料為委託專案團隊，飛拍白河區大排竹段拼接完成影像，欲開啟本檔案可使用免費之QGIS軟體，解析度為3公分,/dataset/uva
Sentinal影像服務,本項資料為委託專案團隊，使用之衛星影像原始資料，欲開啟本檔案可使用免費之QGIS軟體，原始資料下載連結(https://scihub.copernicus.eu/dhus/#/home),/dataset/sentinal
大台南公車路線、時刻及票價資訊（33 88 99 觀光公車）,大台南公車路線、時刻及票價資訊（33 88 99 觀光公車）,/dataset/tainan-bus-tourist-bus
無線上網熱點列表,本資料集提供tainan與itaiwan無線上網熱點列表。,/dataset/tainan-wireless-list
臺南市政府各機關學校經管土地及建物總目錄,不動產,/dataset/nbuilding
臺南市所屬機關學校正式職(教)員及其他員工實有員額,臺南市所屬機關學校正式職(教)員及其他員工實有員額---按機關分類,/dataset/1051231
臺南市急救責任醫院資訊,本資料集主要提供臺南市急救責任醫院資訊,/dataset/hea-med-006
臺南市政府公辦市地重劃執行情形（開發中）,臺南市政府公辦市地重劃執行情形（開發中）,/dataset/land01
臺南市政府秘書處廳舍管理資訊,臺南市政府秘書處廳舍管理資訊,/dataset/govbuilding
臺南市政府警察局轄內合法當舖資訊,臺南市政府警察局轄內合法當舖資訊,/dataset/pawnshop
臺南市固定式違規照相設備設置地點,臺南市固定式違規照相設備設置地點,/dataset/policedata028
臺南市實施集中支付通匯存帳及簽發支票情形,提供104年臺南市實施集中支付通匯存帳及簽發支票情形,/dataset/ncheck
臺南市實施集中支付支用單位數、支付淨額與可支用庫款餘額,提供104年臺南市實施集中支付支用單位數、支付淨額與可支用庫款餘額,/dataset/npayment
103年臺南市非公用土地標售,標售,/dataset/nabove
104年非公用土地標售,標售,/dataset/n104sales
臺南市房屋用途類別及用途細類別對照表,本資料集提供臺南市房屋用途類別及用途細類別對照表,/dataset/tainan-house-application
臺南市各類房屋折舊標準表,臺南市各類房屋折舊標準表,/dataset/house-depreciation
狹小巷道清冊,本資料集提供狹小巷道清冊。,/dataset/narrow-roads
臺南市計程車業者叫車資訊,車隊名稱、叫車電話、申訴電話、受託駕駛人服務收費標準、備註,/dataset/list-of-taxi-info
臺南市政府財政稅務局服務據點,本資料提供民眾，臺南市政府財政稅務局5分局、11處多點.跨區.全功能稅務櫃臺、1處遠距視訊櫃臺聯絡資料,/dataset/address1
臺南餐飲,本資料集提供臺南市餐飲(含伴手禮)店家列表,/dataset/dining
臺南旅宿,提供台南旅宿列表,/dataset/minsue
臺南市土壤定期監測結果,本資料集提供臺南市土壤定期監測結果資訊。,/dataset/soilcheck
臺南市道路交通事故原因傷亡統計,統計臺南市道路交通事故原因傷亡,/dataset/policedata016
職業訓練年度招生簡章,本資料集提供職業訓練年度招生簡章,/dataset/vocational-training
臺南市偏遠地區巡迴醫療服務日程表,本資料集主要提供偏遠地區巡迴醫療服務日程表,/dataset/hea-med-004
臺南市電動機車充電站址,本資料集提供臺南市電動機車充電站址資訊。,/dataset/automotocadd
臺南市路口監錄系統設置地點,提供臺南市路口監錄系統設置地點,/dataset/policedata030
易發生婦幼被害犯罪坐標點位資料,一、「婦幼安全警示地點」係指近半年來連續發生婦幼被害（強盜、搶奪、性侵害、刑法234條之妨害風化、性騷擾及傷害案等）案件之公共場所、路段，或經民眾通報後，依轄區特性評估確為應提醒婦女、兒童及少年注意安全，防範被害之地點。   二、相關地點位置以路段或區域性資料呈現，避免標示個別商（住）家及地址，以符相關個人資料保護法規定。,/dataset/wpb
臺南市各區精神科相關之診所、醫院,本資料主要提供臺南市各行政區精神科相關之醫療機構資訊,/dataset/hea-med-029
臺南市各區皮膚科相關之診所、醫院,本資料主要提供臺南市各行政區皮膚科相關之醫療機構資訊,/dataset/hea-med-028
住宅用火災警報器,本資料集提供住宅用火災警報器資訊。,/dataset/residential-fire-alarm
臺南市政府消防局會計報告,本資料集提供臺南市政府消防局會計報告。,/dataset/accounting-report
臺南市各區家醫科相關之診所、醫院,本資料主要提供臺南市各行政區家醫科相關之醫療機構資訊,/dataset/hea-med-016
臺南市各區耳鼻喉科相關之診所、醫院,本資料主要提供臺南市各行政區耳鼻喉科相關之醫療機構資訊,/dataset/hea-med-017
臺南市各區骨科相關之診所、醫院,本資料主要提供臺南市各行政區骨科相關之醫療機構資訊,/dataset/hea-med-018
臺南市各區內科相關之診所、醫院,本資料主要提供臺南市各行政區內科相關之醫療機構資訊,/dataset/hea-med-019
臺南市各區外科相關之診所、醫院,本資料主要提供臺南市各行政區外科相關之醫療機構資訊,/dataset/hea-med-020
臺南市各區兒科相關之診所、醫院,本資料主要提供臺南市各行政區兒科相關之醫療機構資訊,/dataset/hea-med-021
臺南市各區婦產科相關之診所、醫院,本資料主要提供臺南市各行政區婦產科相關之醫療機構資訊,/dataset/hea-med-022
臺南市各區神經科相關之診所、醫院,本資料主要提供臺南市各行政區神經科相關之醫療機構資訊,/dataset/hea-med-023
臺南市各區眼科相關之診所、醫院,本資料主要提供臺南市各行政區眼科相關之醫療機構資訊,/dataset/hea-med-024
臺南市各區神經外科相關之診所、醫院,本資料主要提供臺南市各行政區神經外科相關之醫療機構資訊,/dataset/hea-med-025
臺南市各區泌尿科相關之診所、醫院,本資料主要提供臺南市各行政區泌尿科相關之醫療機構資訊,/dataset/hea-med-026
液化石油氣,本資料集提供液化石油氣資訊。,/dataset/liquefied-petroleum-gas
臺南市各區牙醫一般科相關之診所、醫院,本資料主要提供臺南市各行政區牙醫一般科相關之醫療機構資訊,/dataset/hea-med-027
臺南市各區中醫一般科相關之診所、醫院,本資料主要提供臺南市各行政區中醫一般科相關之醫療機構資訊,/dataset/hea-med-030
臺南市物理及職能治療所,本資料主要提供臺南市物理及職能治療所位置資訊,/dataset/hea-med-014
臺南市復健科醫療機構,本資料主要提供臺南市復健科醫療機構相關資料,/dataset/hea-med-015
臺南市醫事人員執業統計資料,本資料集主要提供臺南市醫事人員執業統計資料,/dataset/hea-med-005
臺南市居家護理機構,本資料集主要提供臺南市居家護理機構列表,/dataset/hea-med-009
臺南市產後護理機構,本資料集主要提供臺南市產後護理之家,/dataset/hea-med-008
臺南市護理之家,本資料集主要提供臺南市護理之家列表,/dataset/hea-med-007
臺南市政府警察局家戶訪查案件成果,臺南市政府警察局家戶訪查案件成果,/dataset/visit
臺南市房地產消費糾紛原因及來源明細統計表,房地產消費糾紛原因及來源明細統計表,/dataset/argue
就業服務據點,本資料集提供就業服務據點,/dataset/employment-stop
大台南公車路線、時刻及票價資訊（高鐵接駁車）,大台南公車路線、時刻及票價資訊（高鐵接駁車）,/dataset/tainan-bus-thsr-shuttle-bus
大台南公車路線、時刻及票價資訊（幹支線公車－橘線）,大台南公車路線、時刻及票價資訊（幹支線公車－橘線）,/dataset/tainan-bus-orange-line
大台南公車路線、時刻及票價資訊（幹支線公車－棕線）,大台南公車路線、時刻及票價資訊（幹支線公車－棕線）,/dataset/tainan-bus-brown-line
大台南公車路線、時刻及票價資訊（幹支線公車－藍線）,大台南公車路線、時刻及票價資訊（幹支線公車－藍線）,/dataset/tainan-bus-blue-line
大台南公車路線、時刻及票價資訊（幹支線公車－綠線）,大台南公車路線、時刻及票價資訊（幹支線公車－綠線）,/dataset/tainan-bus-green-line
臺南市公車路線站牌資料,臺南市公車路線站牌資料,/dataset/tainan-bus-stop
大台南公車預估到站時間,本資料集提供介接查詢公車預估到站時間,/dataset/bus-estimate-time
臺灣鐵路大台南公車接駁資訊,臺灣鐵路大台南公車接駁資訊 ,/dataset/tra-tainan-feeder-bus
臺南市公車業者資料,臺南市公車業者資料,/dataset/tainan-bus-company
大台南公車轉運站資訊,大台南公車轉運站資訊,/dataset/tainan-bus-terminal
大台南公車路線、時刻及票價資訊（幹支線公車－黃線）,大台南公車路線、時刻及票價資訊（幹支線公車－黃線）,/dataset/tainan-bus-yellow-line
大台南公車路線、時刻及票價資訊（幹支線公車－紅線）,大台南公車路線、時刻及票價資訊（幹支線公車－紅線）,/dataset/tainan-bus-red-line
大台南公車路線、時刻及票價資訊（市區公車）,大台南公車路線、時刻及票價資訊（市區公車）,/dataset/tainan-bus-city-bus
議會定期大會工作報告,議會定期大會工作報告,/dataset/workreport
市長施政總報告,本資料集提供市議會各屆各次市長施政總報告,/dataset/mayor-admin
臺南市兒少安置機構名冊,本資料集提供臺南市兒少安置機構列表,/dataset/childplacement
消防統計年報,本資料集提供消防統計年報。,/dataset/statistical-yearbook
臺南市AED公共場所位置資訊,本資料主要提供臺南市AED公共場所位置資訊,/dataset/hea-med-002
臺南市市地重劃區抵費地標售成果資料,本資料集提供臺南市市地重劃區抵費地標售成果資料。,/dataset/ofeauction
臺南市各轄區水產養殖面積,臺南市各轄區水產養殖面積,/dataset/aquaculture
4G健康小站,台南市健康小站-血壓量測據點。   欄位：縣市   區域  健康小站裝置據點,/dataset/4ghealth
臺南市跨局處食品安全聯合稽查執行成果,本資料集主要提供臺南市食品工廠稽查概況及跨局處食品安全聯合稽查執行成果,/dataset/hea-fda31-1040305
臺南市藥局,臺南市藥局,/dataset/11111
04現住人口數按性別及年齡分(表三),本資料集提供現住人口數按性別及年齡分之月報表。,/dataset/population-sex-age
02村里鄰戶口數暨戶籍動態登記數按性別、登記項目及區域分(表一),本資料集提供村里鄰戶口數暨戶籍動態登記數按性別、登記項目及區域分,/dataset/vill-account-number
05現住原住民人口數按性別、年齡及原住民身分分(表四),本資料集提供現住原住民人口數按性別及年齡分之月報表。,/dataset/aborigine-sex-age
08現住原住民人口數按性別、原住民身分及族別分(表七),本資料集提供現住原住民人口數按性別、原住民身分及族別之月報表。,/dataset/aborigine-sex-tribes
07離婚人數按性別及原屬國籍（地區）分(表六),本資料集提供離婚人數按離婚者男女雙方原屬國籍之月報表。,/dataset/population-divorce
06結婚人數按性別及原屬國籍（地區）分(表五),本資料集提供結婚人數按新郎新娘雙方原屬國籍之月報表。,/dataset/population-marry
03現住人口數按性別及原住民身分分(表二),本資料集提供現住人口數按性別及原住民身分分,/dataset/population-sex-aborigine
01自99年12月至106年現住人口統計表,,/dataset/01-99-12-106
臺南市腸病毒重症病例數統計,臺南市腸病毒重症病例數統計,/dataset/enterovirus-infection
臺南市教保育機構停課通報監測報表,臺南市教保育機構停課通報監測報表,/dataset/class-suspension
臺南市結核菌素測驗服務單位,本資料集主要提供臺南市結核菌素測驗服務單位,/dataset/tuberculinunit
臺南市社區藥局藥事照護&公共衛生志願服務名冊,本資料集主要提供臺南市社區藥局藥事照護&公共衛生志願服務名冊列表,/dataset/hea-fda33-1040304
臺南市成人(滿13歲)-胸部X光檢查醫療院所名冊-2017/09/14更新,本資料集主要提供臺南市成人(滿13歲)-胸部X光檢查醫療院所名冊,/dataset/13-x
臺南市精神科醫療機構,臺南市精神科醫療機構-單位名稱-住址-電話,/dataset/hea-mhp-002
臺南市精神護理之家,臺南市精神護理之家-機構名稱-地址-電話,/dataset/hea-mhp-004
臺南市精神科診所,臺南市精神科診所-名稱-地址-電話,/dataset/hea-mhp-001
臺南市精神復健機構,臺南市精神復健機構-類型    機構名稱-地址-電話,/dataset/hea-mhp-003
臺南市政府藥品違規廣告統計表,年度臺南市政府藥品違規廣告統計表,/dataset/222
臺南市政府食品違規廣告統計表,臺南市政府食品違規廣告統計表,/dataset/221
臺南市托育(嬰)機構名冊,本資料集提供臺南市托育機構列表,/dataset/childcareroster
臺南市房屋路段等級級距表,臺南市房屋路段等級級距表,/dataset/houseroadlevel
娛樂稅營業細項及代碼對照表,娛樂稅營業細項及代碼對照表,/dataset/amusementtaxclass-lut
臺南市房屋構造別代號表,本資料集提供臺南市房屋構造別代號及名稱之對照,/dataset/tainan-house-struc
臺南市房屋路段等級表,提供臺南市房屋路段等級表,/dataset/tainan-house-level
臺南市歷年農地重劃區抵費地已標售清冊,臺南市歷年農地重劃區抵費地已標售清冊,/dataset/fcol01
臺南市房屋標準單價表,本資料集提供臺南市房屋標準單價表,/dataset/tainan-house-price
臺南市政府自辦市地重劃執行情形（開發中）,臺南市政府自辦市地重劃執行情形（開發中）,/dataset/04
臺南巿身心障礙牙醫醫療院所,臺南巿身心障礙牙醫醫療院所-院所名稱-地址-電話-門診時間,/dataset/hea-mhp-007
臺南市心理諮商所、心理治療所,臺南市心理諮商所、心理治療所-機構名稱-地址-電話,/dataset/hea-mhp-006
臺南市免費心理諮商服務據點,臺南市免費心理諮商服務據點-諮商地點-諮商服務時段-服務地址,/dataset/hea-mhp-005
國小學童臼齒窩溝封填防齲計畫合約醫療院所,國小學童臼齒窩溝封填防齲計畫合約醫療院所-區別-診所名稱-診所電話-診所地址,/dataset/hea-mhp-009
台南市提供塗氟診所,台南市提供塗氟診所-診所名稱-診所地址-電話,/dataset/hea-mhp-008
臺南市政府道路挖掘案件資料,提供臺南市境內道路挖掘案件資料,/dataset/roaddig
臺南市本土登革熱病例數,臺南市本土登革熱病例數,/dataset/denguefevercases
臺南市登革熱噴藥人力及場次,本資料集提供臺南市各區登革熱噴藥防治紀錄,/dataset/104-df-chemical-control
臺南市各區流浪犬分佈情形,臺南市各區流浪犬分佈頭數,/dataset/straydogs
臺南市殯葬禮儀業者名冊,臺南市殯葬禮儀業者名冊2015年更新,/dataset/federary-services-list2015
臺南市公立納骨設施,臺南市公立納骨設施電話、地址,/dataset/tainancolumbarium
臺南市政府社會局最新消息,提供臺南市政府社會局所發布的最新消息資訊。,/dataset/socialnews
臺南市社會家庭避難收容處所救助清冊及物資資訊,臺南市社會家庭避難收容救助清冊及物資資訊,/dataset/refuge
臺南市政府中程施政計畫,本資料集提供臺南市政府中程施政計畫,/dataset/mid-admin-plan
105學年度第2學期國小兒童課後照顧服務班開辦學校名單,105學年度第2學期國小兒童課後照顧服務班開辦學校名單,/dataset/after-class
施工中建案明細表,提供臺南市目前施工中建案相關資料。,/dataset/construction-list
臺南農產面積及產量資料,提供臺南農產面積及產量資料,/dataset/agriculture
學習資源網,本資料集提供學習資源網資料,/dataset/learning-resources
臺南市政府工務局在建工程列表,提供工務局在建工程基本資料。,/dataset/constructioninfo
臺南市廢棄物清除處理機構,本資料集提供臺南市廢棄物清除處理機構資訊。,/dataset/dispcleanp
臺南市65歲以上長者及55歲以上原住民免費裝置全口活動假牙計劃合約醫療院所,本資料集為該年度臺南市65歲以上老人免費裝置全口活動假牙計劃合約醫療院所資訊,/dataset/hp03-olderman-dentual
臺南市福利機構名冊,臺南市福利機構名冊（老人、身障、兒少）,/dataset/welfareinstitutions
臺南市應回收廢棄物回收處理業,本資料集提供臺南市應回收廢棄物回收處理業資訊。,/dataset/recyclemgc
台南市各級學校查詢,本資料集提供台南市各級學校資料,/dataset/school-queries
臺南市河川水質監測資料,本資料集提供臺南市河川水質監測資訊。 ,/dataset/rivercont
臺南市海洋水質監測資料,本資料集提供臺南市海洋水質監測資訊。,/dataset/reseacont
臺南市車輛委外拖吊路段與件數,"年、月、區域、路段、小型汽車、重型機車、輕型機車、小計   本資料集僅提供中西,仁德,東區,北區拖吊資料",/dataset/tow-statistic
禽流感應變措施,本資料集提供臺南市政府禽流感應變措施資料集。,/dataset/avianflu
臺南市友善餐廳名冊,臺南市友善餐廳名冊,/dataset/friendlyrestaurant
臺南市獨居老人人數,臺南市獨居老人人數,/dataset/social0314-02
臺南市實施耕地三七五減租成果統計表,臺南市實施耕地三七五減租成果統計表,/dataset/375
社區營造專區,提供本府有關社區營造相關開放資料索引,/dataset/community-building
臺南市民營停車場,臺南市民營停車場,/dataset/tainan-private-parking
臺南市公有免費停車場,臺南市公有免費停車場,/dataset/free-public-parking
臺南市公有收費停車場,臺南市公有收費停車場,/dataset/public-pay-parking
臺南市路邊身障格位資訊,臺南市路邊身障格位資訊,/dataset/tainan-city-handicap-parking
臺南市路邊停車收費路段格位資訊,臺南市路邊停車收費路段格位資訊,/dataset/tainan-city-street-parking-sections
勞工領袖大學,台南市勞工領袖大學資料,/dataset/nccu
臺南市電動車充電站設置區域地址,臺南市電動車充電站設置區域地址,/dataset/chargingstation
太陽光電業務資訊,太陽光電業務資訊,/dataset/photovoltaicbusiness
臺南市工業用地簡介資訊,提供臺南市工業用地簡介資訊,/dataset/industriallandinfo
使用分區核發資訊,本資料集提供臺南各行政區之使用分區核發(含跨區申辦)統計資訊,/dataset/landusezoning
大臺南視障者按摩服務據點,提供大臺南視障者按摩小站服務據點資料,/dataset/massagestop
臺南市路況攝影機(CCTV)位置資料,位置、經度、緯度、來源網址,/dataset/cctv
臺南市資訊可變標誌(CMS)面板位置動態資料,設備編號、位置、狀態、更新時間、訊息,/dataset/cms2
臺南市資訊可變標誌(CMS)面板位置靜態資料,本資料集主要提供「臺南市資訊可變標誌(CMS)面板位置清單」,/dataset/cms
臺南市車輛偵測器(VD)位置靜態資料,設備編號、位置、緯度座標、經度座標,/dataset/trafficvd
臺南市政府地方總預算收支簡明比較分析表,提供各年度臺南市政府地方總預算-收支簡明比較分析表,/dataset/tainan-general-budget-03
臺南市政府地方總預算歲出機關別預算比較總表,提供各年度臺南市政府地方總預算-歲出機關別預算比較總表,/dataset/tainan-general-budget-09
臺南市政府地方總預算歲出政事別預算比較總表,提供各年度臺南市政府地方總預算-歲出政事別預算比較總表,/dataset/tainan-general-budget-07
臺南市政府地方總預算歲入來源別預算比較總表,提供各年度臺南市政府地方總預算-歲入來源別預算比較總表,/dataset/tainan-general-budget-05
臺南市政府地方總預算歲出機關別預算總表,提供各年度臺南市政府地方總預算-歲出機關別預算總表,/dataset/tainan-general-budget-08
臺南市政府地方總預算歲入來源別預算總表,提供各年度臺南市政府地方總預算-歲入來源別預算總表,/dataset/tainan-general-budget-04
臺南市政府地方總預算歲出政事別預算總表,提供各年度臺南市政府地方總預算-歲出政事別預算總表,/dataset/tainan-general-budget-06
臺南市政府地方總預算歲入歲出性質及餘絀簡明比較分析表,提供各年度臺南市政府地方總預算-歲入歲出性質及餘絀簡明比較分析表,/dataset/tainan-general-budget-02
臺南市政府地方總預算歲入歲出簡明比較分析表,提供各年度臺南市政府地方總預算-歲入歲出簡明比較分析表,/dataset/tainan-general-budget-01
臺南市車輛偵測器(VD)位置動態資料,位置、狀態、更新時間、車道佔有率、速度、車道編號、車道方向、流量、型態,/dataset/trafficvd2
臺南市環境教育設施場所名單,本資料集提供臺南市環境教育設施場所名單資訊。,/dataset/envedu
臺南市綠色商店名單,本資料集提供臺南市綠色商店名單資訊。,/dataset/greenshops
臺南市環保旅店名單,本資料有關臺南市環保旅店相關資訊,/dataset/greenhotels
臺南市處理經濟案件統計,臺南市處理經濟案件統計,/dataset/policedata018
臺南市各區里活動中心基本資料表,本資料集提供臺南市各區里活動中心基本資料,/dataset/activity-center
臺南市各區空地空屋列管資料,臺南市各區查報空地空屋完成改善   編號區別里別類別完成改善地點備註日期,/dataset/tainan-city-vancant-land3
臺南市哺(集)乳室設置機構,本資料集提供臺南市哺(集)乳室設置機構設置地點與相關聯絡資訊,/dataset/hp01-breastfeeding
線上申辦整合系統申辦項目清單,提供本府線上申辦整合系統申辦項目清單,/dataset/eservice-list
線上申辦整合系統申辦項目點擊數量,提供本府線上申辦整合系統申辦項目點擊數量,/dataset/eservice-clicks
臺南市低碳餐廳,本資料集主要提供臺南市低碳餐廳資料（逐年輔導餐廳，增加低碳餐廳家數，輔導完成後，於下個年度增列為低碳餐廳資料。）,/dataset/lowcarbonrest
臺南市各區農會通訊資料,臺南市33個各級農會之電話、郵遞區號與地址,/dataset/fa
臺南市政府委託研究報告書,本資料集提供各年度臺南市政府委託研究報告書,/dataset/commissioned-research
年度施政計畫,本資料集提供各年度施政計畫,/dataset/year-admin-plan
市政大事紀,本資料集提供各年度市政大事紀,/dataset/municipal-event
106年臺南市行動醫院、全民健檢日程表,本資料集主要提供該年度臺南市行動醫院、全民健檢場次資訊,/dataset/hp06-healthschedule
水利設施圖資,提供本市之水資源回收中心、水質淨化場、分洪道、滯洪池、截流站等圖資,/dataset/facility
臺南市觀光摺頁文宣,台南市觀光摺頁文宣電子檔下載清單,/dataset/map
臺南市賞花地圖,臺南市賞花地圖,/dataset/flowermap
臺南市各區獸醫師執業人數,臺南市各區獸醫師執業人數,/dataset/veterinarian
臺南市計程車業者資料清單,所站、統一編號、公司名稱、地 址、運輸業狀態、運輸業文號、商業司狀態、商業司文號,/dataset/list-of-taxi-industry
建築線核發資訊,本資料集提供原臺南市六區之建築線核發統計資訊。,/dataset/buildline
臺南市都市設計審議委員會,都市設計審議之委員名單,/dataset/urban-design-committee
臺南市政府消防局預算及決算書,本資料集提供臺南市政府消防局預算及決算書。,/dataset/budget-final-report
臺南市政府及其所屬機關職（教）員合計官等性別統計表,臺南市政府及其所屬機關職（教）員合計官等性別統計表,/dataset/1031232
臺南市所屬機關學校公教人員教育程度,臺南市所屬機關學校公教人員教育程度---按機關分類,/dataset/104123103
臺南市政府及其所屬機關職（教）員合計年齡統計表,臺南市政府及其所屬機關職（教）員合計年齡統計表,/dataset/1031230
臺南市連續自動監測設施CEMS監測數據,連續自動監測設施CEMS監測數據,/dataset/chimney-cems
臺南市非包裝飲用水檢驗收費標準,本資料集提供臺南市非包裝飲用水檢驗收費標準資訊。 ,/dataset/nonwaterpay
臺南市二代戒菸合約醫療院所名單,本資料集主要提供臺南市二代戒菸合約醫療院所名單,/dataset/nosmoking
臺南市乳房X光攝影檢查確診及治療醫院名單,此資料集為臺南市提供乳房X光攝影檢查確診及治療醫療院所名單,/dataset/xray-bi-rads
臺南市口腔癌確診及治療醫院,此資料集為臺南市口腔癌確診及治療醫療院所名單相關資訊,/dataset/oraltest
臺南市106年各區原住民族群人口統計,本資料集提供本市各區原住民人口數，按性別、原住民身分及族別之月報表。,/dataset/106
臺南市105年各區原住民族群人口統計,本資料集提供本市各區原住民人口數，按性別、原住民身分及族別之月報表。,/dataset/database
臺南市各漁港最大設籍停泊漁船筏艘數,本資料集提供臺南市各漁港最大設籍停泊漁船筏艘數及可提供船席艘數資訊。,/dataset/fishing-port-ships
臺南市淺海牡蠣養殖管理統計,臺南市沿海之淺海牡蠣養殖統計相關數據,/dataset/oyster
食品工廠106年02月廠商清冊,食品工廠106年02月廠商清冊,/dataset/106-0203
化工原料工廠106年02月廠商清冊,化工原料工廠106年02月廠商清冊,/dataset/106-0202
有線電視公開資料,有線電視公開資料,/dataset/tncable
敬老愛心商店及醫療院所,台南市敬老愛心商店及醫療院所資料,/dataset/social1060314
臺南市統計資料庫,請點選下方「統計資料庫」後，再點網址進入網頁查詢資料，謝謝。,/dataset/statistics-database
市長行程,市長行程資訊,/dataset/calendar
標案明細表,本資料集提供標案明細表。,/dataset/bidding-details
展覽場地資訊,本資料為本市展覽場地資訊,/dataset/exhibitioninformation
臺南市行動醫院全民健檢日程表,提供臺南市行動醫院全民健檢該年度場次日程表,/dataset/healthschedule
長期照顧服務,培訓單位    聯絡人 辦訓區域    班別名稱    訓練職類    訓練性質    訓練時段    開訓日期    結訓日期    招生人數    時數  上課地點    實習場所    課程費用    辦理情形,/dataset/http-data-tainan-gov-tw-dataset-new
化工原料工廠105年5月廠商清冊,化工原料工廠105年5月廠商清冊,/dataset/105-8
觀光旅遊局轄管水域遊憩安全資訊,水域安全設施地點及座標,/dataset/water
台南市醫院燒傷相關病床資料,本資料主要提供台南市醫院燒傷相關病床資料,/dataset/hea-med-010
臺南市美容醫學診所資料,本資料集主要提供台南市醫美診所資料,/dataset/hea-med-011
台南捐血中心巡迴捐血點,本資料集主要提供台南捐血中心巡迴捐血點,/dataset/hea-med-013
台南捐血中心固定捐血點,本資料集主要提供台南捐血中心固定捐血點資訊,/dataset/hea-med-012
臺南市加密控制點坐標檔,含點名、N坐標、E坐標,/dataset/102-tainan-ctl
臺南市歷年自辦成果統計表,本資料集提供臺南市歷年自辦成果統計表,/dataset/self-consolidation-statis
臺南市歷年公辦重劃成果統計表,本資料集提供臺南市歷年公辦重劃成果統計表,/dataset/consolidation-statis
火災統計分析,本資料集提供火災統計分析資訊。,/dataset/statis-analysis-fire
臺南市地政士開業及異動,臺南市地政士開業及異動,/dataset/landexpert
臺南市測量案件統計報表,臺南市所屬各地政事務所土地複丈、件物測量、謄本案件統計值,/dataset/surveycase
臺南市宗地地號屬性資料,包含宗地地號區碼、區名稱、段碼、段名稱、地號、地號簡碼、宗地視中心X坐標(TWD97)、宗地視中心Y坐標(TWD97),/dataset/par
臺南市重測區屬性資料,重測區筆數、面積等資料,/dataset/remeasure-statistics
臺南市救護車資料,本資料集主要提供臺南市救護車資料列表,/dataset/hea-med-001
105年度臺南市各行政區域轄下野溪設置警告標誌牌地點座標調查表,105年度臺南市各行政區域轄下野溪設置警告標誌牌地點座標調查表,/dataset/water-safety-sign
早期農地重劃區農水路更新改善工程辦理地區工程進度,早期農地重劃區農水路更新改善工程辦理地區工程進度,/dataset/earlystage
臺南市已登記公私有土地筆數面積,臺南市已登記公私有土地筆數面積,/dataset/landarea
臺南市大陸地區人民及法人取得不動產權利統計表,臺南市大陸地區人民取得不動產權利統計,/dataset/china
社區發展協會名冊,社區發展協會名冊,/dataset/http-social-tainan-gov-tw-social-socjsond0a1a0-asp
安平漁港水域安全告示牌位置表,安平漁港水域安全告示牌位置表,/dataset/safetybillboard
臺南市各醫院一覽表,本資料集主要提供臺南市醫療院所資訊,/dataset/hea-med-003
社區綠美化,社區綠美化之年度執行案件統計資料,/dataset/township-renaissance
公園警告標示牌救生圈座標,公園警告標示牌救生圈座標(臺南公園+歷史水景公園),/dataset/lifebuoy
區域排水警告標示位置,本資料集提供市管區域排水警告標示位置。,/dataset/warning-sign
年度溺水地點水域統計,本資料集提供年度溺水地點水域統計。,/dataset/drowning-waters
登革熱防疫宣導,提供工務局有關建築工地登革熱防疫宣導會議資料,/dataset/pbw-dengue
工業油脂流向申報105年10月廠商清冊,工業油脂流向申報105年10月廠商清冊,/dataset/105-1003
105年10月工業區廠商聯絡方式,105年10月工業區廠商聯絡方式,/dataset/industrialzonecompany
化工原料工廠105年10月廠商清冊,化工原料工廠105年10月廠商清冊,/dataset/105-10
食品工廠105年10月廠商清冊,食品工廠105年10月廠商清冊,/dataset/105-1001
古蹟資料,本資料集主要提供臺南市古蹟資訊,/dataset/historicalmonument
酒製造業者資料,業者資料,/dataset/nalcohol
國中各校折抵超編查詢,本資料集提供國中各校折抵超編資料(注意:僅提供當年度與前一年資料),/dataset/offset-over
食品工廠105年8月廠商清冊,食品工廠105年8月廠商清冊,/dataset/10508-food-factory
化工原料工廠105年8月廠商清冊,化工原料工廠105年8月廠商清冊,/dataset/10508-chemical-raw
工業油脂流向申報105年8月廠商清冊,工業油脂流向申報105年8月廠商清冊,/dataset/10508-grease
臺南市所轄管各漁港,本資料集提供臺南市所轄管各漁港資訊。,/dataset/fishing-port
臺南市地方農民精選,本資料集提供臺南市地方農民精選資訊。,/dataset/local-farmars
社團法人中國國民黨於臺南市財產清理,本資料集提供社團法人中國國民黨於臺南市財產清理明細。,/dataset/property-of-kmt
臺南市公廁地址,本資料集提供臺南市公廁地址資訊。,/dataset/toiletadd
都市設計審議,都市設計審議之歷年成果統計資料 ,/dataset/urban-design
臺南市綠社區培力計畫,社區綠美化之年度執行案件統計資料,/dataset/greencommunity
臺南市好望角專案計畫,好望角之年度執行案件統計資料,/dataset/garden-corner
T-Bike 臺南市公共自行車租賃站資訊,T-Bike 臺南市公共自行車租賃站資訊,/dataset/t-bike
歷年公辦農村社區土地重劃成果統計表,歷年公辦農村社區土地重劃成果統計表,/dataset/lkkctg
歷年早期農水路更新成果統計表,歷年早期農水路更新成果統計表,/dataset/statisticupdate
歷年農地重劃成果統計,歷年農地重劃成果統計,/dataset/fryears
臺南市農地重劃區歷年農村社區抵費地已標售清冊,臺南市農地重劃區歷年農村社區抵費地已標售清冊,/dataset/fcocl
臺南市政府社會局105年度臨時及短期照顧服務,身心障礙福利資訊,/dataset/disabled-01
臺南市政府社會局辦理身心障礙者營養餐飲服務,身心障礙者、餐飲服務,/dataset/disabled-02
臺南市政府社會局委託民間辦理身心障礙者生活重建服務,服務區域    服務對象    服務時間    服務內容    辦理單位資訊,/dataset/disabled
臺南市各區各里簡易疏散避難圖,本資料集提供臺南市各區各里簡易疏散避難圖資訊。,/dataset/sim-evacuation-diagram
臺南市食品工廠,105年臺南市食品工廠,/dataset/00000
臺南市地價調查用建築改良物標準單價表,"建築結構,樓層,建築單價",/dataset/tn-land-value-12
臺南市里界圖,本資料集提供臺南市里界圖,/dataset/tn-village
臺南市區界圖,本資料集提供臺南市區界圖,/dataset/tn-dist
臺南市37區道路路樹盤點調查表,臺南市37區道路路樹盤點調查表,/dataset/road-tree
臺南市處理違反社會秩序維護法案件統計,統計臺南市處理違反社會秩序維護法案件,/dataset/policedata017
社會福利統計,工作計畫 科目名稱 補助事項或用途    補助對象   主辦機關,/dataset/data-tainan-gov-tw-dataset-dataset
人民團體名冊,人民團體名冊,/dataset/http-social-tainan-gov-tw-social-socjsond0a0a4-asp
身心障礙者職業訓練招生簡章,本資料集提供身心障礙者職業訓練招生簡章,/dataset/disabilities-voctraining
外籍配偶訓練專班,外配專班課程資訊,/dataset/immigration
區域排水與集水區圖資,本資料集提供市管區域排水資訊。,/dataset/pumping-station
區域排水之水位站名稱及位置,本資料集提供市管區域排水之水位站名稱及位置。,/dataset/gaugingstation71
區域排水即時影像站名稱及位置,本資料集提供市管區域排水之影像站名稱及位置。 ,/dataset/wrbcctv2
區域排水即時影像,提供本市區域排水即時影像資料。,/dataset/wrbcctv
臺南市堆肥場地址,本資料集提供臺南市臺南市堆肥場資訊,/dataset/manureheap
臺南市環保局操作維護之水質淨化設施資料,本資料集提供臺南市環保局操作維護之水質淨化設施資訊。 ,/dataset/conrewater
臺南市飲用水水質檢驗資料,本資料集提供臺南市飲用水水質檢驗資訊。,/dataset/watercont2
臺南市重要統計指標,臺南市重要統計指標,/dataset/important-statistical-indicators
臺南市統計月報,臺南市統計月報,/dataset/statistics-monthly-bulletin
臺南市政府地方總決算-平衡表,提供臺南市政府各年度地方總決算-平衡表,/dataset/final-accounts-09
台南市身心障礙者庇護工場,台南市身心障礙者庇護工場,/dataset/asylum1
飛雁新村專案計畫,本資料集提供公民參與決策參考,/dataset/project-plan
臺南市統計年報-其他,提供臺南市各年度統計年報-其他,/dataset/statistical-yearbook-15
臺南市統計年報-家庭收支,提供臺南市各年度統計年報-家庭收支,/dataset/statistical-yearbook-14
臺南市統計年報-社會治安,提供臺南市各年度統計年報-社會治安,/dataset/statistical-yearbook-13
臺南市統計年報-勞工行政,提供臺南市各年度統計年報-勞工行政,/dataset/statistical-yearbook-12
臺南市統計年報-社會福利,提供臺南市各年度統計年報-社會福利,/dataset/statistical-yearbook-11
臺南市統計年報-環境保護,提供臺南市各年度統計年報-環境保護,/dataset/statistical-yearbook-10
臺南市統計年報-衛生,提供臺南市各年度統計年報-衛生,/dataset/statistical-yearbook-09
臺南市統計年報-教育文化,提供臺南市各年度統計年報-教育文化,/dataset/statistical-yearbook-08
臺南市統計年報-交通運輸,提供臺南市各年度統計年報-交通運輸,/dataset/statistical-yearbook-07
臺南市統計年報-金融財稅,提供臺南市各年度統計年報-金融財稅,/dataset/statistical-yearbook-06
臺南市統計年報-工商業及市建設,提供臺南市各年度統計年報-工商業及市建設,/dataset/statistical-yearbook-05
臺南市統計年報-農林漁牧,提供臺南市各年度統計年報-農林漁牧,/dataset/statistical-yearbook-04
臺南市統計年報-行政組織,提供臺南市各年度統計年報-行政組織,/dataset/statistical-yearbook-03
臺南市統計年報-人口,提供臺南市各年度統計年報-人口,/dataset/statistical-yearbook-02
臺南市統計年報-土地,提供臺南市各年度統計年報-土地,/dataset/statistical-yearbook-01
臺南市性別圖像-附錄,提供臺南市各年度性別圖像-附錄,/dataset/gender-10
臺南市性別圖像-政府服務,提供臺南市各年度性別圖像-政府服務,/dataset/gender-09
臺南市性別圖像-家庭生活,提供臺南市各年度性別圖像-家庭生活,/dataset/gender-08
臺南市性別圖像-醫療保健,提供臺南市各年度性別圖像-醫療保健,/dataset/gender-07
臺南市性別圖像-社會治安及公共安全,提供臺南市各年度性別圖像-社會治安及公共安全,/dataset/gender-06
臺南市性別圖像-社會福利,提供臺南市各年度性別圖像-社會福利,/dataset/gender-05
臺南市性別圖像-教育文化,提供臺南市各年度性別圖像-教育文化,/dataset/gender-04
臺南市性別圖像-勞動就業,提供臺南市各年度性別圖像-勞動就業,/dataset/gender-03
臺南市性別圖像-婚育概況,提供臺南市各年度性別圖像-婚育概況,/dataset/gender-02
臺南市性別圖像-人口成長,提供臺南市各年度性別圖像-人口成長,/dataset/gender-01
臺南市附屬單位決算綜計表-特別收入基金平衡綜計表(依科目分別),提供臺南市各年度附屬單位決算綜計表-特別收入基金平衡綜計表(依科目分別),/dataset/subordinate-agency-11
臺南市附屬單位決算綜計表-特別收入基金現金流量綜計表(依現金流量項目分別),提供臺南市各年度附屬單位決算綜計表-特別收入基金現金流量綜計表(依現金流量項目分別),/dataset/subordinate-agency-10
臺南市附屬單位決算綜計表-特別收入基金基金來源用途及餘絀綜計表,提供臺南市各年度附屬單位決算綜計表-特別收入基金基金來源用途及餘絀綜計表,/dataset/subordinate-agency-09
臺南市附屬單位決算綜計表-作業基金平衡綜計表(依科目分別),提供臺南市各年度附屬單位決算綜計表-作業基金平衡綜計表(依科目分別),/dataset/subordinate-agency-08
臺南市附屬單位決算綜計表-作業基金現金流量綜計表(依現金流量項目分別),提供臺南市各年度附屬單位決算綜計表-作業基金現金流量綜計表(依現金流量項目分別),/dataset/subordinate-agency-07
臺南市附屬單位決算綜計表-作業基金餘絀撥補綜計表(依撥補項目分列),提供臺南市各年度附屬單位決算綜計表-作業基金餘絀撥補綜計表(依撥補項目分列),/dataset/subordinate-agency-06
臺南市附屬單位決算綜計表-作業基金收支餘絀綜計表(依收支科目分列),提供臺南市各年度附屬單位決算綜計表-作業基金收支餘絀綜計表(依收支科目分列),/dataset/subordinate-agency-05
臺南市附屬單位決算綜計表-營業基金資產負債綜計表(依科目分別),提供臺南市各年度附屬單位決算綜計表-營業基金資產負債綜計表(依科目分別),/dataset/subordinate-agency-04
臺南市附屬單位決算綜計表-營業基金現金流量綜計表(依現金流量項目分別),提供臺南市各年度附屬單位決算綜計表-營業基金現金流量綜計表(依現金流量項目分別),/dataset/subordinate-agency-03
臺南市附屬單位決算綜計表-營業基金盈虧撥補綜計表(依撥補項目分列),提供臺南市各年度附屬單位決算綜計表-營業基金盈虧撥補綜計表(依撥補項目分列),/dataset/subordinate-agency-02
臺南市附屬單位決算綜計表-營業基金損益綜計表(依收支科目分列),提供臺南市各年度附屬單位決算綜計表-營業基金損益綜計表(依收支科目分列),/dataset/subordinate-agency-01
臺南市地方總預算附屬單位預算及綜計表-特別收入基金現金流量綜計表(依基金別分列),提供臺南市地方總預算各年度附屬單位預算及綜計表-特別收入基金現金流量綜計表(依基金別分列),/dataset/subordinate-unit-budget-c3
臺南市地方總預算附屬單位預算及綜計表-特別收入基金現金流量綜計表(依現金流量項目分列),提供臺南市地方總預算各年度附屬單位預算及綜計表-特別收入基金現金流量綜計表(依現金流量項目分列),/dataset/subordinate-unit-budget-c2
臺南市地方總預算附屬單位預算及綜計表-特別收入基金來源、用途及餘絀綜計表,提供臺南市地方總預算各年度附屬單位預算及綜計表-特別收入基金來源、用途及餘絀綜計表,/dataset/subordinate-unit-budget-c1
臺南市地方總預算附屬單位預算及綜計表-作業基金現金流量綜計表(依基金別分列),提供臺南市地方總預算各年度附屬單位預算及綜計表-作業基金現金流量綜計表(依基金別分列),/dataset/subordinate-unit-budget-b6
臺南市地方總預算附屬單位預算及綜計表-作業基金現金流量綜計表(依現金流量項目分列),提供臺南市地方總預算各年度附屬單位預算及綜計表-作業基金現金流量綜計表(依現金流量項目分列),/dataset/subordinate-unit-budget-b5
臺南市地方總預算附屬單位預算及綜計表-作業基金餘絀撥補綜計表(依基金別分列),提供臺南市地方總預算各年度附屬單位預算及綜計表-作業基金餘絀撥補綜計表(依基金別分列),/dataset/subordinate-unit-budget-b4
臺南市地方總預算附屬單位預算及綜計表-作業基金餘絀撥補綜計表(依撥補項目分列),提供臺南市地方總預算各年度附屬單位預算及綜計表-作業基金餘絀撥補綜計表(依撥補項目分列),/dataset/subordinate-unit-budget-b3
臺南市地方總預算附屬單位預算及綜計表-作業基金收支餘絀綜計表(依基金別分列),提供臺南市地方總預算各年度附屬單位預算及綜計表-作業基金收支餘絀綜計表(依基金別分列),/dataset/subordinate-unit-budget-b2
臺南市地方總預算附屬單位預算及綜計表-作業基金收支餘絀綜計表(依收支科目分列),提供臺南市地方總預算各年度附屬單位預算及綜計表-作業基金收支餘絀綜計表(依收支科目分列),/dataset/subordinate-unit-budget-b1
臺南市地方總預算附屬單位預算及綜計表-營業基金固定資產建設改良擴充資金來源綜計表,提供臺南市地方總預算各年度附屬單位預算及綜計表-營業基金固定資產建設改良擴充資金來源綜計表,/dataset/subordinate-unit-budget-08
臺南市地方總預算附屬單位預算及綜計表-營業基金現金流量綜計表(依機關別分列),提供臺南市地方總預算各年度附屬單位預算及綜計表-營業基金現金流量綜計表(依機關別分列),/dataset/subordinate-unit-budget-07
臺南市地方總預算附屬單位預算及綜計表-營業基金現金流量綜計表(依現金流量項目分列),提供臺南市地方總預算各年度附屬單位預算及綜計表-營業基金現金流量綜計表(依現金流量項目分列),/dataset/subordinate-unit-budget-06
臺南市地方總預算附屬單位預算及綜計表-營業基金盈虧撥補綜計表(依機關別分列),提供臺南市地方總預算各年度附屬單位預算及綜計表-營業基金盈虧撥補綜計表(依機關別分列),/dataset/subordinate-unit-budget-05
臺南市地方總預算附屬單位預算及綜計表-營業基金盈虧撥補綜計表(依撥補項目分列),提供臺南市地方總預算各年度附屬單位預算及綜計表-營業基金盈虧撥補綜計表(依撥補項目分列),/dataset/subordinate-unit-budget-04
臺南市地方總預算附屬單位預算及綜計表-營業基金損益綜計表(依機關別分列),提供臺南市地方總預算各年度附屬單位預算及綜計表-營業基金損益綜計表(依機關別分列),/dataset/subordinate-unit-budget-03
臺南市地方總預算附屬單位預算及綜計表-營業其金損益綜計表(依收支科目分列),提供臺南市地方總預算各年度附屬單位預算及綜計表-營業其金損益綜計表(依收支科目分列),/dataset/subordinate-unit-budget-02
臺南市地方總預算附屬單位預算及綜計表-營業基金財務摘要綜計表,提供臺南市地方總預算各年度附屬單位預算及綜計表-營業基金財務摘要綜計表,/dataset/subordinate-unit-budget-01
臺南市政府地方總決算-歲出機關別決算比較總表,提供臺南市政府各年度地方總決算-歲出機關別決算比較總表,/dataset/final-accounts-08
臺南市政府地方總決算-歲出政事別決算比較總表,提供臺南市政府各年度地方總決算-歲出政事別決算比較總表,/dataset/final-accounts-07
臺南市政府地方總決算-歲出政事別決算總表,提供臺南市政府各年度地方總決算-歲出政事別決算總表,/dataset/final-accounts-06
臺南市政府地方總決算-歲入來源別決算比較總表,提供臺南市政府各年度地方總決算-歲入來源別決算比較總表,/dataset/final-accounts-05
臺南市政府地方總決算-歲入來源別決算總表,提供臺南市政府各年度地方總決算-歲入來源別決算總表,/dataset/final-accounts-04
臺南市政府地方總決算-收支簡明比較分析表,提供臺南市政府各年度地方總決算-收支簡明比較分析表,/dataset/final-accounts-03
臺南市政府地方總決算-歲入歲出及餘絀簡明分析表,提供臺南市政府各年度地方總決算-歲入歲出及餘絀簡明分析表,/dataset/final-accounts-02
臺南市政府地方總決算-歲入歲出簡明比較分析表(審定後),提供臺南市政府各年度地方總決算-歲入歲出簡明比較分析表(審定後),/dataset/final-accounts-01
臺南市商圈組織清冊,臺南市商圈組織清冊,/dataset/shopping-district
食品工廠105年5月廠商清冊,食品工廠105年5月廠商清冊,/dataset/105-9
工業油脂流向申報105年5月廠商清冊,工業油脂流向申報105年5月廠商清冊,/dataset/105-6
臺南市病媒防治業者名單,管制編號    業者名稱    證件字號    地址  電話,/dataset/06081144
臺南市西拉雅社團名冊,本市西拉雅社團連絡資訊,/dataset/http-www-tainan-gov-tw-nation-page-asp-nsub-h0a200
臺南市各區農會產品網路購物,本資料集提供臺南市優質農特產精品館資訊。,/dataset/pripro-stores
臺南市拖吊保管場資訊,臺南市拖吊保管場資訊,/dataset/tow
臺南市客家社團名冊,本市客家社團連絡資訊,/dataset/http-www-tainan-gov-tw-nation-page-asp-nsub-h0a100
臺南市珍貴樹木,本資料集提供臺南市珍貴樹木網頁資訊。,/dataset/precious-trees
臺南待認領養流浪動物資料,臺南待認領養流浪動物資料介紹(105年5月23日製作)，最新資訊可利用農委會開放資料[動物認領養]業面http://data.coa.gov.tw/Query/ServiceDetail.aspx?id=177介接,/dataset/105-05-23
臺南市動物醫院及診所名單,臺南市動務醫院及診所名單,/dataset/animalhospital
臺南市各區農產品介紹,本資料集提供臺南市各區農產品介紹資訊。,/dataset/primary-products
臺南市各區區公所原住民服務窗口連絡電話,臺南市各區區公所原住民服務窗口連絡電話,/dataset/http-tnda-tainan-gov-tw-civilbook-page-asp-page-178
臺南市原住民社團聯絡名冊,本市原住民社團連絡資訊,/dataset/http-www-tainan-gov-tw-nation-page-asp-nsub-h0a000
區域排水水位警戒,提供本市區域排水水位警戒資料。,/dataset/tainanwarninfo
水庫水位統計資訊,提供水庫水位統計資訊,/dataset/reservoir
臺南市公私立幼兒園,本資料集提供臺南市公私立幼兒園列表,/dataset/tn-preschool
食品工廠105年4月廠商清冊,食品工廠105年4月廠商清冊,/dataset/105-4
臺南市養殖2000隻以上水禽之養殖場分布區位,臺南市鴨與鵝等水禽養殖場分布區位(養殖2000隻以上),/dataset/waterfowl
臺南市母嬰親善醫療院所,本資料集主要提供臺南市母嬰親善醫療院所列表,/dataset/hea-hp29-10402
臺南市政府衛生局年度活動規劃,衛生保健年度活動訊息,/dataset/hea-plan-002
工業油脂流向申報105年4月廠商清冊,工業油脂流向申報105年4月廠商清冊,/dataset/105-0506
臺南市國家重要濕地,本資料集提供臺南市國家重要濕地資訊。,/dataset/wetlands
化工原料工廠105年4月廠商清冊,化工原料工廠105年4月廠商清冊,/dataset/105-0506-2
臺南市大客車禁行路段,本資料集主要提供「臺南市大客車禁行路段」 ,/dataset/bus-forbidden-line-sections
臺南市大客車行駛應特別注意路段,本資料集主要提供「臺南市大客車行駛應特別注意路段」 ,/dataset/bus-special-attention-sections
臺南市各區第2屆調解委員會委員名冊,區別  職稱  姓名  調解會地址（區公所）  經度  緯度,/dataset/tainan-district-1st-conciliation-committee-roster
公園設施資料,提供臺南市轄內公園全部設施物類別及數量。,/dataset/park-facility
橋樑檢測資料,臺南市轄內橋梁檢測資料,/dataset/bridge-detect
食品安全專區,提供本府有關食品安全相關開放資料索引,/dataset/food-safety-dist
市場食品業者攤(鋪)位名冊,提供臺南市各市場攤(鋪)位及其販售食品資料。,/dataset/traditional-market-food
夜市食品業者攤(鋪)位名冊,提供臺南市夜市攤(鋪)位及其販售食品資料。,/dataset/night-market-food
廢食用油來源列管清冊,提供臺南市各市場列管廢食用油攤(鋪)位及其販售食品資料。,/dataset/waste-edible-oil
臺南市法律扶助諮詢服務一覽表,本資料集提供臺南市法律扶助諮詢服務一覽,/dataset/legal-aid
臺南市避難收容處所開設情形,提供避難收容處所開設情形資料,/dataset/tnshelter
臺南市災情案件資料,提供消防署所發布有關臺南市災情案件資料,/dataset/tndisaster
臺南市非營利組織列表,「政府資源有限，民間活力無窮」，促進國家政經與社會環境的整體發展，公民社會的角色舉足輕重，因此，建構一個優質的公民社會發展環境，是國際社會的主流趨勢，也是政府責無旁貸的責任。...,/dataset/npo-list
淹水潛勢圖,淹水潛勢圖是經由設計降雨情境、特定水文地文條件及水理模式演算，模擬防洪設施於正常運作下可能的淹水情形。淹水潛勢圖之內容包含透過降雨組體圖說明設計降雨情境、依據不同淹水深度級距以不同顏色標示該淹水深度之範圍、使用限制說明。...,/dataset/potential-inundation-maps
地質敏感區範圍,      地質敏感區數值範圍為地質敏感區劃定過程之資料，僅供規劃參考，套疊之相關圖層應注意坐標轉換、底圖種類及精確程度是否產生誤差，以避免套疊後資料解讀錯誤，實際範圍仍以公告圖資為準，相關公告資料請至經濟部中央地質調查所全球資訊網( http://www.moeacgs.gov.tw )地質法專區內下載。...,/dataset/geologically-sensitive-area
土壤液化潛勢圖資,"本資料集為土壤液化潛勢圖，格式符合ISO16262標準，下載檔案格式為JSON，同時亦支援其子集GeoJSON。本資料集之土壤液化潛勢圖為比例尺1:25,000之「初級」精度調查研究成果，做為國土規劃或其它更精細調查研究之基礎資料，惟請勿用於個案工程規劃設計，如有建築開發需求，應依相關規範進行個案細部地質探查與評估。本資料集之調查方法，使用之地質探勘資...",/dataset/liquefaction
公私立老人長期照護、養護、安養機構,本資料集提供臺南市老人長期照護、養護、安養機構列表,/dataset/agedcarehome
運動地圖,本資料集提供臺南市運動地圖列表,/dataset/sportmap
化工原料工廠105年2月廠商名冊,化工原料工廠105年2月廠商名冊,/dataset/105-22
工業油脂流向申報105年2月廠商清冊,工業油脂流向申報105年2月廠商清冊,/dataset/105-2
臺南市車輛行車事故鑑定覆議案件分類統計,提供歷年車輛行車事故個人申請與司法機關囑託覆議案件數 ,/dataset/reconsideration
臺南市議會第2屆議員通訊錄,職稱 黨籍 姓名 區別 郵遞區號    服務處地址 服務處電話 傳真 經度 緯度,/dataset/tainan-city-councilor-no2
臺南市公共圖書館讀書會辦理情形,臺南市公共圖書館讀書會辦理情形,/dataset/publibbookclub
食安抽驗-一般農漁畜產品抽驗清冊,食安抽驗-臺南市一般農漁畜產品抽驗結果,/dataset/http-data-tainan-gov-tw-dataset
食安抽驗-有機農漁畜產品抽驗清冊,食安抽驗-臺南市有機農漁畜產品抽驗記錄,/dataset/organic
食安抽驗-104年飼料抽驗清冊,,/dataset/fodder
食安抽驗-產銷履歷農漁畜產品抽驗清冊,食安抽驗-臺南市產銷履歷農漁畜產品抽驗記錄 ,/dataset/traceability
台南市公有零售市場名冊,本資料集提供台南市公有零售市場名冊資訊。,/dataset/public-market
台南市民有市場名冊,本資料集提供台南市民有市場名冊資訊。,/dataset/people-market
臺南市餐飲衛生優良店,本資料集主要提供臺南市年度餐飲衛生優良店,/dataset/101dininghygiene
化工原料工廠105年1月廠商名冊,化工原料工廠105年1月廠商名冊,/dataset/c105-1
工業油脂流向申報105年1月廠商清冊,工業油脂流向申報105年1月廠商清冊,/dataset/105-1
臺南市各里代碼,提供臺南市752里代碼,/dataset/tainan-vil-code
臺南市各區代碼,提供臺南市37區代碼,/dataset/37
臺南市政府資料開放平台統計資訊,臺南市政府資料開放平台統計資訊,/dataset/statistics
臺南市自行車道資訊,本資料集主要提供「臺南市自行車道資訊」,/dataset/bikeway
臺南市機(慢)車優先道,本資料集主要提供「臺南市機(慢)車優先道」資料列表,/dataset/slow-car-priority-road
臺南市行人專用時相位置與實施時間一覽表,本資料集主要提供「臺南市行人專用時相位置與實施時間一覽表」,/dataset/pedestrian-scramble
臺南市交通號誌數量表,本資料集主要提供「臺南市交通號誌數量表」 ,/dataset/traffic-signals
臺南市交通管制公告,臺南市交通管制公告,/dataset/traffic-control-announcement
臺南市禁止遊動廣告車輛停放路段,臺南市禁止遊動廣告車輛停放路段 ,/dataset/advertising-forbidden-line-sections
臺南市各行政區現有認養及代管空地設置停車場明細表,臺南市各行政區現有認養及代管空地設置停車場明細表,/dataset/adoptiveexistingadministrativesetupparkingspace
臺南市車輛行車事故鑑定案件分類統計,臺南市車輛行車事故鑑定案件分類統計,/dataset/identification-of-vehicle-accidents-statistics
臺南市自行車停車架設置資訊,臺南市自行車停車架設置資訊,/dataset/taian-bicycle-frame
市管抽水站與水門圖資,本資料集提供市管抽水站及水門圖資。,/dataset/drain-name
臺南市交通肇事案件資料,提供臺南市交通事故易肇事路段及肇事原因分析。,/dataset/policedata027
合作社名冊,合作社名冊,/dataset/http-social-tainan-gov-tw-social-socjsond0a0a2-asp
臺南市停車場即時剩餘車位資訊,提供臺南市8處戶外停車場即時剩餘車位資訊,/dataset/realtime-parking-space
臺南市登革熱戶外化學防疫軌跡記錄,本資料集提供環保局針對104年登革熱疫情進行化學防疫軌跡記錄資料,/dataset/dengue-chemical-prevention
臺南市衛生掩埋場地址,本資料集提供臺南市衛生掩埋場地址資訊。,/dataset/hygadd
臺南市核准身障福利團體設置舊衣回收箱,本資料集提供臺南市核准身障福利團體設置舊衣回收箱資訊。 ,/dataset/dioldcloadd
臺南市焚化廠地址,本資料集提供臺南市焚化廠地址資訊。,/dataset/burnadd
臺南市公有廣告欄一覽表,本資料集提供臺南市公有廣告欄資訊。,/dataset/publicad
臺南市全市清潔隊一覽表,本資料集提供臺南市全市清潔隊資訊。,/dataset/cleanteam
臺南市柴油車排煙動力檢測站址,本資料集提供臺南市柴油車排煙動力檢測站址資訊。 ,/dataset/dieselcheck
臺南市營建工地空汙費繳費櫃檯,本資料集提供臺南市營建工地空汙費繳費櫃檯資訊。,/dataset/buildairpay
臺南市廢食用油清除機構基本資料,本資料集提供臺南市廢食用油清除機構資訊。 ,/dataset/dispoilcleanp
臺南市事業廢棄物再利用者登記資料,本資料集提供臺南市事業廢棄物再利用者登記資訊。 ,/dataset/disprecyclep
臺南市噪音管制圖,本資料集提供臺南市噪音管制圖資訊。,/dataset/noisecontrol
臺南市城西垃圾掩埋場滲出水廠放流水檢測報告,本資料集提供臺南市城西垃圾掩埋場滲出水廠放流水檢測報告資訊。,/dataset/garbageflowcon
臺南市水肥場地址,本資料集提供臺南市水肥場地址資訊。,/dataset/watermuckadd
臺南市廢食用油回收-再生皂兌換要點,本資料集提供臺南市廢食用油回收-再生皂兌換要點資訊。,/dataset/recyclesoapex
建築管理使用執照基本資料,提供臺南市轄區內建築管理使用執照基本資料,/dataset/buildlic
公園基本資料,本資料集提供公園基本資料,/dataset/tainan-park-info
防災地圖-龍崎區,本資料集提供臺南市龍崎嶇區級、里級地圖及目錄防災地圖。,/dataset/map-for-disaster-longci
防災地圖-鹽水區,本資料集提供臺南市鹽水區區級、里級地圖及目錄防災地圖。,/dataset/map-for-disaster-yanshuei
防災地圖-關廟區,本資料集提供臺南市關廟區區級、里級地圖及目錄防災地圖。,/dataset/map-for-disaster-guanmiao
防災地圖-歸仁區,本資料集提供臺南市歸仁區區級、里級地圖及目錄防災地圖。,/dataset/map-for-disaster-gueiren
防災地圖-學甲區,本資料集提供臺南市學甲區區級、里級地圖及目錄防災地圖。,/dataset/map-for-disaster-syuejia
防災地圖-楠西區,本資料集提供臺南市楠西區區級、里級地圖及目錄防災地圖。,/dataset/map-for-disaster-nansi
防災地圖-新營區,本資料集提供臺南市新營區區級、里級地圖及目錄防災地圖。,/dataset/map-for-disaster-sinying
防災地圖-新市區,本資料集提供臺南市新市區區級、里級地圖及目錄防災地圖。,/dataset/map-for-disaster-sinshiih
防災地圖-新化區,本資料集提供臺南市新化區區級、里級地圖及目錄防災地圖。,/dataset/map-for-disaster-sinhua
防災地圖-善化區,本資料集提供臺南市善化區區級、里級地圖及目錄防災地圖。,/dataset/map-for-disaster-shanhua
防災地圖-麻豆區,本資料集提供臺南市麻豆區區級、里級地圖及目錄防災地圖。,/dataset/map-for-disaster-madou
防災地圖-將軍區,本資料集提供臺南市將軍區區級、里級地圖及目錄防災地圖。,/dataset/map-for-disaster-jiangjyun
防災地圖-柳營區,本資料集提供臺南市柳營區區級、里級地圖及目錄防災地圖。,/dataset/map-for-disaster-liouying
防災地圖-後壁區,本資料集提供臺南市後壁區區級、里級地圖及目錄防災地圖。,/dataset/map-for-disaster-houbi
防災地圖-南區,本資料集提供臺南市南區區級、里級地圖及目錄防災地圖。,/dataset/map-for-disaster-south
防災地圖-南化區,本資料集提供臺南市南化區區級、里級地圖及目錄防災地圖。,/dataset/map-for-disaster-nanhua
防災地圖-東區,本資料集提供臺南市東區區級、里級地圖及目錄防災地圖。,/dataset/map-for-disaster-eastern
防災地圖-東山區,本資料集提供臺南市東山區區級、里級地圖及目錄防災地圖。,/dataset/map-for-disaster-dongshan
防災地圖-官田區,本資料集提供臺南市官田區區級、里級地圖及目錄防災地圖。,/dataset/map-for-disaster-guantian
防災地圖-佳里區,本資料集提供臺南市佳里區區級、里級地圖及目錄防災地圖。,/dataset/map-for-disaster-jiali
防災地圖-西港區,本資料集提供臺南市西港區區級、里級地圖及目錄防災地圖。,/dataset/map-for-disaster-sigang
防災地圖-安南區,本資料集提供臺南市安南區區級、里級地圖及目錄防災地圖。,/dataset/map-for-disaster-annan
防災地圖-安定區,本資料集提供臺南市安定區區級、里級地圖及目錄防災地圖。,/dataset/map-for-disaster-anding
防災地圖-安平區,本資料集提供臺南市安平區區級、里級地圖及目錄防災地圖。,/dataset/map-for-disaster-anping
防災地圖-白河區,本資料集提供臺南市白河區區級、里級地圖及目錄防災地圖。,/dataset/map-for-disaster-baihe
防災地圖-玉井區,本資料集提供臺南市玉井區區級、里級地圖及目錄防災地圖。,/dataset/map-for-disaster-yujing
防災地圖-永康區,本資料集提供臺南市永康區區級、里級地圖及目錄防災地圖。,/dataset/map-for-disaster-yongkang
防災地圖-左鎮區,本資料集提供臺南市左鎮區區級、里級地圖及目錄防災地圖。,/dataset/map-for-disaster-zuojhen
防災地圖-北區,本資料集提供臺南市北區區級、里級地圖及目錄防災地圖。,/dataset/map-for-disaster-north
防災地圖-北門區,本資料集提供臺南市北門區區級、里級地圖及目錄防災地圖。,/dataset/map-for-disaster-beimen
防災地圖-六甲區,本資料集提供臺南市六甲區區級、里級地圖及目錄防災地圖。,/dataset/map-for-disaster-lioujia
防災地圖-仁德區,本資料集提供臺南市仁德區區級、里級地圖及目錄防災地圖。,/dataset/map-for-disaster-rende
防災地圖-中西區,本資料集提供臺南市中西區區級、里級地圖及目錄防災地圖。,/dataset/map-for-disaster-westcentral
防災地圖-山上區,本資料集提供臺南市山上區區級、里級地圖及目錄防災地圖。,/dataset/map-for-disaster-shanshang
防災地圖-下營區,本資料集提供臺南市下營區區級、里級地圖及目錄防災地圖。,/dataset/map-for-disaster-xiaying
防災地圖-大內區,本資料集提供臺南市大內區區級、里級地圖及目錄防災地圖。,/dataset/map-for-disaster-danei
防災地圖-七股區,本資料集提供臺南市七股區區級、里級地圖及目錄防災地圖。,/dataset/map-for-disaster
臺南市災害警戒,本資料集提供臺南市災害警戒相關資料,/dataset/disaster-alerts
臺南市未立案宗教場所一覽表,臺南市未立案宗教場所一覽表,/dataset/unregistered-religious-site
違章建築,104年度第一波優先拆除違建(已完成改善名單),/dataset/illegal-structure
臺南市T霸統計表,已拆除違規T霸統計表,/dataset/tbar
臺南市雨量統計資料,本資料集提供臺南市雨量統計相關資料,/dataset/rain-statistics
臺南市地政服務據點,地政事務所名稱、電話、地址、GIS座標,/dataset/land-gov-tn
區段徵收已出售標售地資料,本資料集提供區段徵收已出售標售地資料,/dataset/landzone2
區段徵收成果統計表,本資料集提供區段徵收相關成果統計,/dataset/landzone1
臺南市區域計畫委員會,臺南市區域計畫委員會相關資料,/dataset/tainan-regional-planning-committee
近期禁葬公告,近期禁葬公告,/dataset/announcement
臺南市政府所屬警察單位電話地址,本資料及提供臺南市政府所屬各警察單位電話地址資訊。,/dataset/policedata01
臺南市市民手冊,有關本市議員服務電話、地址及本府各機關之業務概況、服務電話（含所屬機關）、地址等相關資訊,/dataset/http-tnda-tainan
臺南市政府騎樓暢通計畫,提供本市騎樓暢通計畫之各區路段位置及騎樓長度等資料。,/dataset/arcade
臺南市商圈簡介資訊,提供臺南市商圈簡介資訊,/dataset/marketareainfo
臺南市商圈通訊錄總表,提供臺南市商圈通訊錄總表,/dataset/marketarea
臺南觀光工廠清冊,提供臺南觀光工廠清冊,/dataset/tourismfactory
臺南產業聯盟清冊,臺南產業聯盟清冊,/dataset/industryalliance
台南市夜市名冊,本資料集提供台南市夜市名冊資訊。,/dataset/night-market
百家好店入選名單,本資料集提供百家好店入選名單資訊。,/dataset/goodstore
公墓遷葬暨綠美化成果,迄104年度5月公墓遷葬暨綠美化成果,/dataset/cemeterymoveout-environmentalgreenification
臺南市議會第1屆議員通訊錄,職稱 黨籍   姓名 區別   郵遞區號    服務處地址 服務處電話 傳真電話 經度 緯度,/dataset/tainan-city-councilor
公共危險物品,本資料集提供公共危險物品資訊。,/dataset/public-hazardous-materials
爆竹煙火管理,本資料集提供爆竹煙火管理資訊。,/dataset/firework-firecracker-management
燃氣熱水器,本資料集提供燃氣熱水器資訊。,/dataset/gas-heater
臺南市政府工程採購公告資料,提供臺南市政府工程採購公告資料,/dataset/eng-procurement
防火宣導,本資料集提供防火宣導資訊。,/dataset/fire-prevention-promotion
防火管理,本資料集提供防火管理資訊。,/dataset/fire-prevention-management
防焰物品,本資料集提供防焰物品資訊。,/dataset/flame-proof
檢修申報制度,本資料集提供檢修申報制度資訊。,/dataset/inspect-repair-declaration
報案電話量統計表,本資料集提供年度各類別有效及無效案件報案電話量統計表。,/dataset/emergency-calls-statistics
對民間團體補(捐)助經費明細表,本資料集提供對民間團體補(捐)助經費明細表。,/dataset/subsidies-for-emergency
臺南市政府開放資料清單,提供臺南市政府開放資料清單。,/dataset/datalist
臺南市政府區里互動溝通座談會建議案統計表,臺南市政府區里互動溝通座談會建議案統計表,/dataset/data-gov-tw-opendata-principle
南門勞工育樂中心,場地設備說明,/dataset/nama
關子嶺勞工育樂中心,場地設備說明,/dataset/guan
103年勞工局職災慰問金發放統計表,職災慰問金發放統計,/dataset/abcd
臺南市工會名冊,含臺南市產業、職業及企業工會名冊及聯絡方式。,/dataset/tainancityunion
本府103年基層扎根廉政工程座談會,103年基層扎根廉政工程座談會,/dataset/103
本府103年履順專案座談會,本府103年履順專案座談會,/dataset/http-www-tainan-gov-tw-eth-list-asp-nsub-i1a1a0
臺南市健康促進醫院一覽表,本資料集主要提供臺南市健康促進醫院一覽表,/dataset/hea-hp-10401
臺南市政府組織自治條例及編制表,臺南市政府編制表,/dataset/000001
臺南市政府消防局各單位地址名冊,本資料集提供臺南市政府消防局各單位地址名冊資訊。,/dataset/fire-department-add
臺南市公共圖書館聯絡資訊,本資料集主要提供臺南市公共圖書館聯絡資訊,/dataset/libraryinfo
臺南市衛生所列表,本資料集主要提供臺南市衛生所列表,/dataset/clinic
社會福利地圖,本資料集提供社會福利機構列表,/dataset/welfare1
陽光電城相關系統廠商,本資料集提供陽光電城相關系統廠商資訊。,/dataset/sum-system
臺南市宗教團體點位,本資料集提供臺南市寺廟、教會點位,/dataset/temple-position
臺南市農地重劃土地標售資料表,本資料集主要提供臺南市農地重劃土地標售資料列表,/dataset/flcauction
國小各校人數與折抵數查詢,本資料集提供國小各校人數與折抵數資料。,/dataset/ele-number-offset
國中各校人數統計,本資料集提供臺南市國中各校男女生人數統計,/dataset/junior-number
VOD隨選視訊,本資料集提供VOD隨選視訊資訊,/dataset/vod
學校代碼列表,本資料集提供學校代碼列表,/dataset/school-codes
教育公告,本資料集提供臺南市教育公告即時列表,/dataset/edu-announcement1
教師研習課程資訊,本資料集提供臺南市教師學習護照研習課程資訊,/dataset/teacher-training
非讀BOOK台南愛讀冊,本資料集提供臺南市非讀BOOK台南愛讀冊資源列表,/dataset/love-study
教育局網站,本資料集提供教育局網站資料。,/dataset/edu-website
校園藝文活動新聞,本資料集提供臺南市校園藝文活動新聞,/dataset/school-news
網路暑假作業競賽,本資料集提供臺南市國中小網路暑假作業競賽作品,/dataset/summer-homework
學習護照,本資料集提供學習護照資料,/dataset/learning-passport
國中各校男女生人數統計,國中各校男女生人數統計,/dataset/junior-bg-number
國小新生報到人數,本資料集提供臺南市國小新生報到人數統計,/dataset/ele-new-students
國中小學區查詢,本資料集主要提供臺南市各國中小學區查詢列表,/dataset/zones-query
臺南市政府衛生局輔導推動健康餐飲店,本資料集主要提供臺南市政府衛生局輔導推動健康餐飲店,/dataset/100healthybreakfast
