電動機車充電站名稱及充電站地址,提供電動機車充電站名稱及充電站地址,/dataset/electric-moto-station
高雄市機車排氣檢驗站資料,提供高雄市機車排氣檢驗站資料,/dataset/locomotive-exhaust-inspection
105年高雄市測量案件統計,高雄市測量案件統計,/dataset/105kao10
役男驗退、停訓處理人數統計表,役男驗退、停訓處理人數統計表,/dataset/mildp
役男徵兵檢查BMI值統計表,役男徵兵檢查BMI值統計表,/dataset/bmi
高雄市政府107年APPS累計下載次數資料表,提供高雄市政府APPS累計下載次數資料表,/dataset/apps-download-107
高雄市最新債務資訊,提供高雄市最新債務資訊,/dataset/latest-debt
107年高雄市政府1999話務中心派工受理前三名機關統計表,提供107年高雄市政府1999話務中心派工受理前三名機關統計表,/dataset/107-1999-3
107年高雄市政府1999話務中心客服人員滿意度指標,提供107年高雄市政府1999話務中心客服人員滿意度指標,/dataset/107-1999-2
107年高雄市政府1999話務中心服務量趨勢圖,提供107年各月高雄市政府1999話務中心服務量趨勢圖,/dataset/107-1999
高雄市公有路外停車場一覽表,"郵遞區號,行政區,型式,編號,停車場名稱,停車場位置,大型車,小型車,機車,腳踏車,收費標準(收費時間),營業時間,備 註,",/dataset/department-of-transportation30
107年高雄市建物第一次登記統計,107年高雄市建物第一次登記統計,/dataset/first-built-registration107
107年高雄市不動產抵押權設定統計,107年高雄市不動產抵押權設定統計,/dataset/re-mortgage-statistics107
107年高雄市不動產拍賣統計,107年高雄市不動產拍賣統計,/dataset/107opdata
107年高雄市不動產買賣統計,107年高雄市不動產買賣統計,/dataset/107kaohs
107年高雄市徵解地政規費,107年度高雄市徵解地政規費,/dataset/107fees
107年高雄市土地及建物登記管理,107年高雄市土地及建物登記管理,/dataset/kao06107
高雄市地政士開業資料,提供高雄市合法之地政士資料,/dataset/106kao1
兒童及少年服務-高雄市兒童福利服務中心及育兒資源中心（含據點）,高雄市兒童福利服務中心及育兒資源據點,/dataset/frg0401
寺廟教會名冊,提供寺廟教會資訊，包含寺廟名稱、宗教別、聯絡電話、場所縣市、場所區域、場所地址、負責人、登記證字號、主祀神佛像、財團法人名稱、建別、組織型態等資料,/dataset/temple-church-lists
高雄市墳墓及納骨塔使用情形,高雄市納骨塔櫃位、神主牌、樹葬、海葬使用情形資訊,/dataset/cemetery-columbarium-usage
公告違反勞動基準法事業單位名單,公告違反勞動基準法事業單位名單,/dataset/laborlawless
高雄市忠烈祠管理概況,高雄市忠烈祠管理概況,/dataset/shrine1
高雄市國民兵列管人數,高雄市國民兵列管人數,/dataset/militia
高雄市政府處理違反有線廣播電視法案件裁量基準,提供高雄市政府處理違反有線廣播電視法案件裁量基準,/dataset/tv-discretion-standard
105年度支用道路交通安全預算辦理情形-高市62101運用大眾傳播媒體宣導計畫,105年度支用道路交通安全預算辦理情形-高市62101運用大眾傳播媒體宣導計畫,/dataset/105-62101
105年度支用道路交通安全預算辦理情形-高市62302運用大眾傳播媒體宣導計畫,105年度支用道路交通安全預算辦理情形-高市62302運用大眾傳播媒體宣導計畫,/dataset/104-73103
高雄市政府新聞局電子書網址,提供高雄市政府新聞局電子書網址,/dataset/ebook-url
高雄市政府新聞局其他出版品連結網址,高雄市政府新聞局其他出版品連結網址,/dataset/other-publications-website
莫拉克風災重建快報連結網址,提供莫拉克風災重建快報連結網址,/dataset/typhoon-morakot-reconstruction
鼓聲市府月刊連結網址,提供鼓聲市府月刊連結網址,/dataset/monthly-drum-comunale
海洋首都中英文雙月刊連結網址,提供海洋首都中英文雙月刊連結網址,/dataset/marine-capital
高雄電子期刊網頁連結,提供高雄電子期刊網頁連結,/dataset/electronic-journals
高雄市政府新聞局影片播放網站,提供高雄市政府新聞局影片播放網站,/dataset/website-video-player
高雄市政府新聞局港都畫報網址,高雄市政府新聞局港都畫報網址,/dataset/harbor-illustrated-url
高雄市有線電視爭議Q&A,提供高雄市有線電視爭議Q&A,/dataset/cable-tv-disputeq-a
106年度河川水質監測資料,提供河川水質監測資料,/dataset/river-water-quality
106年高雄市外國人地權登記管理,說明所有權取得、移轉及他項權利登記,/dataset/106registration-of-land-right-obtained-by-foreigner
本府106年公職人員財產申報受理人數統計公開資料,本府106年公職人員財產申報受理人數統計公開資料,/dataset/dispdata
107年高雄市民向市長索取中堂輓額（含電子輓額）統計表,市民以寄信或親送及網路方式請託,/dataset/107mayor
高雄市常備兵及補充兵徵集人數,提供高雄市常備兵及補充兵徵集人數,/dataset/number-of-collect
役男免役禁役緩徵處理情形表,提供役男免役禁役緩徵處理情形表,/dataset/immunization-banned
補助私人團體經費報告,工作計畫科目名稱、補助事項或用途、補助對象、主辦機關、累計撥付金額、,/dataset/subsidy
107年高雄市完成設立備查之不動產經紀業,每月統計高雄市完成設立備查之不動產經紀業者,/dataset/chrisyan
高雄市政府所屬機關iTaiwan無線網路統計資料,106年高雄市政府所屬機關iTaiwan無線網路資料,/dataset/106-itaiwan
妨害兵役案件統計表,妨害兵役案件統計,/dataset/mildp02
改進傳統市場經營管理-樂活菜市仔競爭力提升計畫,提供改進傳統市場經營管理-樂活菜市仔競爭力提升計畫,/dataset/competitiveness-project
高雄市攤集場名冊,提供高雄市攤集場名冊,/dataset/booth-set-field-roster
高雄市民有零售市場,提供高雄市民有零售市場,/dataset/the-retail-market
高雄市三民區第二戶政事務所各里現住人口數-按性別及年齡分,高雄市三民區第二戶政事務所區域別、性別、總計、合計_0~4歲、0歲、1歲、2歲、3歲、4歲、合計_5~9歲、5歲、6歲、7歲、8歲、9歲、合計_10~14歲、10歲、11歲、12歲、13歲、14歲、合計_15~19歲、15歲、16歲、17歲、18歲、19歲、合計_20~24歲、20歲、21歲、22歲、23歲、24歲、合計_25~29歲、25歲、26歲、...,/dataset/sanmin2-village3-counts
高雄市三民區第二戶政事務所各里現住人口數-按性別及原住民身分分,高雄市三民區第二戶政事務所區域別、性別、總計、區域人口數、原住民人口數_合計、原住民人口數_平地原住民、原住民人口數_山地原住民、本上里、本元里、本文里、本安里、本和里、本武里、本揚里、本館里、正順里、正興里、安吉里、安康里、安發里、安寧里、鼎力里、鼎中里、鼎西里、鼎金里、鼎泰里、鼎強里、鼎盛里、寶中里、寶民里、寶玉里、寶安里、寶泰里、寶珠里、寶國里、...,/dataset/sanmin2-village2-counts
高雄市三民第二戶政所各里戶口數與戶籍動態登記數-按性別、登記項目及區域分,高雄市三民區第二戶政事務所區域別、村里數_現有門牌、村里數_戶籍登記、鄰數_現有門牌、鄰數_戶籍登記、戶數、性別、人口數、遷入人數_合計、遷入人數_自國外、遷入人數_自他省(市)_新北市、遷入人數_自他省(市)_臺北市、遷入人數_自他省(市)_桃園市、遷入人數_自他省(市)_臺中市、遷入人數_自他省(市)_臺南市、遷入人數_自他省(市)_高雄市、遷入人...,/dataset/sanmin2-village1-counts
三民第二戶政事務所人口異動統計,高雄市三民區第二戶政事務所月份、戶數、人口數(男)、人口數(女)、人口數、出生人數、死亡人數、結婚對數、離婚對數、遷入人數、遷出人數、住變遷入、住變遷出、平地原住民、山地原住民、1月、2月、3月、4月、5月、6月、7月、8月、9月、10月、11月、12月等欄位,/dataset/sanmin2-change-counts
三民區第二戶政事務所人口概況統計,"高雄市三民區第二戶政事務所有關里別,戶數,男,女,總人口,遷入數,遷出數,住變入,住變出,本上里,本元里,本文里,本安里,本和里,本武里,本揚里,本館里,正順里,正興里,安吉里,安康里,安發里,安寧里,鼎力里,鼎中里,鼎西里,鼎金里,鼎泰里,鼎強里,鼎盛里,寶中里,寶民里,寶玉里,寶安里,寶泰里,寶珠里,寶國里,寶盛里,寶華里,寶業里,寶獅里,寶德里,...",/dataset/sanmin2-people-counts
107年高雄市不動產估價師清冊,提供高雄市不動產估價師清冊,/dataset/107prelandprice
106年電子簽核及紙本簽核件數統計表,106年電子簽核及紙本簽核件數統計表,/dataset/107022602
106年一般公文時效統計表,106年一般公文時效統計表,/dataset/107022601
105年高雄市爆竹煙火安全檢查,105年高雄市爆竹煙火安全檢查,/dataset/107011701
103年高雄市爆竹煙火安全檢查,103年高雄市爆竹煙火安全檢查,/dataset/107011703
液化石油氣販賣場所清冊,液化石油氣販賣場所清冊,/dataset/107011801
液化石油氣分裝場、儲存場、驗瓶場清冊,液化石油氣分裝場、儲存場、驗瓶場清冊,/dataset/107011802
防範一氧化碳中毒補助申請,防範一氧化碳中毒補助申請,/dataset/107011803
105年度液化石油氣消防安全檢查及違規取締,105年度液化石油氣消防安全檢查及違規取締,/dataset/107012201
104專業爆竹煙火施放案件,104專業爆竹煙火施放案件,/dataset/107012202
105年申請施放爆竹煙火案件,105年申請施放爆竹煙火案件,/dataset/107012203
高雄市及鄰近急救責任醫院分級與急診心肌梗塞與腦中風處置時段清冊,高雄市及鄰近急救責任醫院分級與急診心肌梗塞與腦中風處置時段清冊,/dataset/107012204
高雄市政府消防局消防救護車收費統計表,高雄市政府消防局消防救護車收費統計表,/dataset/107012205
105年消防緊急救護急救處置統計表,105年消防緊急救護急救處置統計表,/dataset/107012206
104年消防緊急救護急救處置統計表,104年消防緊急救護急救處置統計表,/dataset/107012207
105年消防緊急救護服務統計表,105年消防緊急救護服務統計表,/dataset/107012208
104年消防緊急救護服務統計表,104年消防緊急救護服務統計表,/dataset/107012209
105年高雄市消防緊急救護到院前心肺功能停止傷病患統計,105年高雄市消防緊急救護到院前心肺功能停止傷病患統計,/dataset/107012210
105年急救護無生命徵象成功人數統計表,105年急救護無生命徵象成功人數統計表,/dataset/107012211
高雄市政府APP資訊,"高雄市政府APPS資訊App名稱，iOS網址，iOS編號，Android網址，Android編號，圖示，描述AppName,iOS_URL,iOS_ID,Android_URL,Android_ID,ICON,DESC  ",/dataset/apps-list-info
高雄市計程車營運資料Open API,取得司機載客起訖位置及時間  採申請制，須使用token才能存取資料；申請token請電洽07-3368333#2756 (朱先生)或email至chance@kcg.gov.tw,/dataset/kcg-taxi-biz-open-api
106年高雄1999派工資料,106年高雄1999派工資料,/dataset/106-open1999
Open1999派工受理案件歷史(history)資料,提供Open1999派工受理案件一年內之歷史資料。操作說明：https://solhistory.kcg.gov.tw/his-open1999/,/dataset/open1999-history
高雄市公費流感抗病毒藥劑合約醫療院所,提供高雄市公費流感抗病毒藥劑合約醫療院所資料,/dataset/public-hospital-influenza-antiviral-drugs-contract
消防局救護車及器材捐贈芳名錄,提供消防局救護車及器材捐贈芳名錄,/dataset/donations-aryl-directory
高雄市公有零售市場,提供高雄市公有零售市場,/dataset/public-retail-market
高雄市iTaiwan地點與經緯度,提供iTaiwan地點與經緯度,/dataset/itaiwan-longitude-and-latitude
高雄市政府106年APPS累計下載次數資料表,提供高雄市政府APPS累計下載次數資料表,/dataset/apps-download-106
106年列管案件進度,106年列管案件進度,/dataset/106project-control
徵集訓練期程,提供徵集訓練期程,/dataset/training-schedule
農水路更新改善計畫,提供高雄市農水路更新改善計畫,/dataset/2574740036
106年資料開放教育訓練,106年資料開放教育訓練,/dataset/106-training
高雄市政府機關學校公文電子及紙本簽核件數,高雄市政府所屬機關及高雄市立高中職以下學校(含部分私立學校、幼兒園)每月公文電子及紙本簽核件數。,/dataset/docsign
高雄市地價查估用建築改良物標準單價、耐用年數及折舊率表,提供高雄市地價查估用建築改良物標準單價、耐用年數及折舊率表。1.本資料係依據地價調查估計規則第24條訂定。2.使用本資料時，得視建物之建材設備情形，於本表所列單價範圍內決定單價。但建物之樓層高度、層數、材料、用途、設計及建築物設備等特殊者，得由查價人員於買賣實例調查表內敘明修正理由，酌予增減之。...,/dataset/124565412333
107年地價區段數統計表,提供高雄市107年地價區段數統計資料,/dataset/1071213645
高雄市獎勵會議展覽活動實施辦法申請案件辦理情形,高雄市獎勵會議展覽活動實施辦法申請案件辦理情形,/dataset/103-rewards-conference
高雄市商店街區行銷活動補助執行情形,高雄市商店街區行銷活動補助執行情形,/dataset/103-marketing-assistance
高雄市促進產業發展自治條例獎助措施核定獎助申請案清冊,高雄市促進產業發展自治條例獎助措施核定獎助申請案清冊,/dataset/promote-production
106年公文時效統計,提供106年公文時效統計,/dataset/document-time106
106年高雄市公有土地面積統計,高雄市公有土地面積統計,/dataset/106kao05
106年高雄市公有土地筆數統計,高雄市公有土地筆數統計,/dataset/106kap04
106年高雄市不同權屬土地面積統計,高雄市不同權屬土地面積統計,/dataset/106kao01
106年高雄市不同權屬土地筆數統計,高雄市不同權屬土地筆數統計,/dataset/106dwdw
高雄市固定式違規照相設備設置地點,提供高雄市固定式違規闖紅燈及測速照相設備設置地點,/dataset/107fixed-fixed-camera-locations
三民區第二戶政事務所人口年齡層分布統計,高雄市三民區第二戶政事務所里別、性別、0~4歲、5~9歲、10~14歲、15~19歲、20~24歲、25~29歲、30~34歲、35~39歲、40~44歲、45~49歲、50~54歲、55~59歲、60~64歲、65~69歲、70~74歲、75~79歲、80~84歲、85~89歲、90~94歲、95~99歲、100歲以上、合計等欄位,/dataset/sanmin2-year-counts
三民區第二戶政事務所人口教育程度統計,高雄市三民區第二戶政事務所年齡別、性別、博士畢、博士肄、碩士畢、碩士肆、大學畢、大學肆、專科二、三年制畢、專科二、三年制肆、專科五年制後二年畢、專科五年制後二年肆、專科五年制前三年肆、高中畢、高中肆、高職畢、高職肆、國中畢、國中肆、初職畢、初職肆、國小畢、國小肆、自修、不識字、合計等欄位,/dataset/sanmin2-education-counts
各機關電話地址資訊,提供各機關電話地址資訊,/dataset/government-activity-tel-address
高雄市軍人忠靈祠葬厝表,高雄市軍人忠靈祠葬厝表,/dataset/veterans
一級機關主管名錄資料,提供一級機關主管名錄資料,/dataset/competent-authorities-directory-information
高雄市政府專題委託研究建議事項參採情形,提供各年度高雄市政府專題委託研究建議事項參採情形,/dataset/researchsuggestion
106年高雄市建物第一次登記統計,106年高雄市建物第一次登記統計,/dataset/first-built-registration106
106年高雄市不動產抵押權設定統計,提供106年高雄市不動產抵押權設定統計,/dataset/re-mortgage-statistics106
106年高雄市不動產拍賣統計,高雄市不動產拍賣統計,/dataset/106opdata
106年高雄市不動產買賣統計,106年高雄市不動產買賣統計,/dataset/106kaohs
106年高雄市徵解地政規費,106年度高雄市徵解地政規費,/dataset/106fees
106年高雄市土地及建物登記管理,高雄市土地及建物登記管理,/dataset/kao06106
104年高雄市爆竹煙火安全檢查,104年高雄市爆竹煙火安全檢查,/dataset/107011702
104年高雄市爆竹煙火違法取締年報表,104年高雄市爆竹煙火違法取締年報表,/dataset/107011602
103年高雄市爆竹煙火違法取締年報表,103年高雄市爆竹煙火違法取締年報表,/dataset/107011601
106年下半年高雄市政府秘書處姊妹市友好城市重要城市交流互訪情形一覽表,106年下半年高雄市政府秘書處姊妹市友好城市重要城市交流互訪情形一覽表,/dataset/sistercityvisit2
106年上半年高雄市政府秘書處姊妹市友好城市重要城市交流互訪情形一覽表,高雄市姊妹市友好城市重要城市交流互訪情形一覽表,/dataset/sistercityvisits
高雄市都市地價指數漲跌幅表,提供高雄市都市地價指數漲跌幅表,/dataset/1568745230
消防局燃氣熱水器技術士清冊,提供消防局燃氣熱水器技術士清冊,/dataset/gas-water-heater-technician
107年高雄市土地段名代碼,提供高雄市土地段名代碼,/dataset/107412500203
105年高雄市爆竹煙火違法取締,105年高雄市爆竹煙火違法取締,/dataset/107010922
高雄市105年登革熱緊急防治噴藥資料,高雄市105年登革熱緊急防治噴藥資料，供統計及衛生宣導,/dataset/vds
殯葬管理處即時空氣污染物連續自動監測設施(CEMS),殯葬管理處火化場煙囪監測資料參考資料：空氣污染物項目代碼表(CEMS)  ,/dataset/mso-cems
103年火災次數按起火處所分,103年火災次數按起火處所分,/dataset/107010910
102年火災次數按起火處所分,102年火災次數按起火處所分,/dataset/107010915
101年火災次數按起火處所分,101年火災次數按起火處所分,/dataset/107010920
104年起火建築物,104年起火建築物,/dataset/107010902
103年起火建築物,103年起火建築物,/dataset/107010909
102年起火建築物,102年起火建築物,/dataset/107010914
101年起火建築物,101年起火建築物,/dataset/107010919
104年火災死傷、財物損失,104年火災死傷、財物損失,/dataset/107010903
103年火災死傷、財物損失,103年火災死傷、財物損失,/dataset/107010908
102年火災死傷、財物損失,102年火災死傷、財物損失,/dataset/107010913
101年火災死傷、財物損失,101年火災死傷、財物損失,/dataset/107010918
103年火災次數分類及時間,103年火災次數分類及時間,/dataset/107010907
102年火災次數分類及時間,102年火災次數分類及時間,/dataset/107010912
101年火災次數分類及時間,101年火災次數分類及時間,/dataset/107010917
105年高雄市火災次數按起火原因分,105年高雄市火災次數按起火原因分,/dataset/1060425006
104年火災次數按起火原因分,104年火災次數按起火原因分,/dataset/107010906
103年火災次數按起火原因分,103年火災次數按起火原因分,/dataset/107010911
102年火災次數按起火原因分,102年火災次數按起火原因分,/dataset/107010916
101年火災次數按起火原因分,101年火災次數按起火原因分,/dataset/107010921
高雄市消費者服務中心106年受理第一次申訴及第二次申訴商品及服務二大類前三大申訴類型一覽表,申訴前三大類型一覽表,/dataset/106receiving-consumer-disputes-2
高雄市地段座標屬性表,地籍測量座標系統對照表,/dataset/land-section-coord
106年高雄市政府1999話務中心服務量趨勢圖,說明： (A)進線總電話數=IVR總進線數 (B)按1轉客服人員數=IVR總進線後，按1轉接專人數 (C)客服人員應答數=(B)按1轉客服人員數-(D)電話掛斷數 (D)電話掛斷數=(B)按1轉客服人員數-(C)客服人員應答數 (E)電話外撥數=話務人員績效日報表之電話外撥數 (F)電話處理總數=(A)進線總電話數+(E)電話外撥數...,/dataset/1061999
106年高雄市政府1999話務中心派工受理前三名機關統計表,提供106年高雄市政府1999話務中心派工受理前三名機關統計表,/dataset/106-1999-2
106年高雄市政府1999話務中心客服人員滿意度指標,提供106年高雄市政府1999話務中心客服人員滿意度指標,/dataset/106-1999-1
107年高雄市公告土地地價,提供107年高雄市公告土地地價,/dataset/107555552244560
107年高雄市公告土地現值,提供107年高雄市公告土地現值,/dataset/107
高雄市公車預估到站時間資料,"name,CenterName,EssentialInfo_Id,",/dataset/department-of-transportation14
104年火災案件按起火處所分,104年火災案件按起火處所分,/dataset/107010904
104年火災次數分類及時間,104年火災次數分類及時間,/dataset/107010901
105年度應變中心開設其他天然災害出動救災人員統計,105年度應變中心開設其他天然災害出動救災人員統計,/dataset/107010508
105年度應變中心開設其他天然災害出動救災裝備,105年度應變中心開設其他天然災害出動救災裝備,/dataset/107010509
105年度應變中心開設其他天然災害建物損失統計,105年度應變中心開設其他天然災害建物損失統計,/dataset/107010510
105年度應變中心開設其他天然災害搶救災民人數統計,105年度應變中心開設其他天然災害搶救災民人數統計,/dataset/107010511
105年度應變中心開設水患災害出動救災裝備統計,105年度應變中心開設水患災害出動救災裝備統計,/dataset/107010514
105年度應變中心開設水患災害人員傷亡統計,105年度應變中心開設水患災害人員傷亡統計,/dataset/107010512
105年度應變中心開設水患災害出動救災人員統計,105年度應變中心開設水患災害出動救災人員統計,/dataset/107010513
105年度應變中心開設水患災害建物損失統計,105年度應變中心開設水患災害建物損失統計,/dataset/107010515
105年度應變中心開設水患災害搶救災民人數統計,105年度應變中心開設水患災害搶救災民人數統計,/dataset/107010516
105年度應變中心開設風災人員傷亡統計,105年度應變中心開設風災人員傷亡統計,/dataset/107010517
105年度應變中心開設風災出動救災人員統計,105年度應變中心開設風災出動救災人員統計,/dataset/107010518
105年度應變中心開設風災出動救災裝備統計,105年度應變中心開設風災出動救災裝備統計,/dataset/107010519
105年度應變中心開設風災建物損失統計,105年度應變中心開設風災建物損失統計,/dataset/107010520
105年度應變中心開設風災搶救災民人數統計,105年度應變中心開設風災搶救災民人數統計,/dataset/1070121
105年度應變中心開設震災人員傷亡統計,105年度應變中心開設震災人員傷亡統計,/dataset/107010522
105年度應變中心開設震災出動救災人員統計,105年度應變中心開設震災出動救災人員統計,/dataset/107010523
105年度應變中心開設震災出動救災裝備統計,105年度應變中心開設震災出動救災裝備統計,/dataset/107010524
105年度應變中心開設震災建物損失統計,105年度應變中心開設震災建物損失統計,/dataset/107010525
105年度應變中心開設震災搶救災民人數統計,105年度應變中心開設震災搶救災民人數統計,/dataset/107010526
104年火災次數分類及時間,104年火災次數分類及時間,/dataset/107010527
104年火災死傷、財物損失,104年火災死傷、財物損失,/dataset/107010528
104年起火建築物,104年起火建築物,/dataset/107010529
105年消保官查核行程一覽表,提供105年消保官查核行程一覽表,/dataset/105-check-protection
106年7至12月導覽機託播統計,提供託播單位、媒體類型、數量、資訊分類,/dataset/10607-12-digital-signage-statistics
Open1999派工受理案件資料,提供Open1999派工受理案件資料,/dataset/open1999
106年高雄市政府姊妹市及友好城市清單,高雄市政府姊妹市及友好城市相關資訊,/dataset/sistercities
106年消保官查核行程一覽表,106年消保官查核行程一覽表,/dataset/106receiving-consumer-disputes
106年空氣污染物連續自動監測設施(CEMS),106年空氣污染物連續自動監測設施(CEMS)參考資料：空氣污染物工廠名單(CEMS) 、空氣污染物項目代碼表(CEMS)  ,/dataset/106-cems
105年高雄市起火建築物,105年高雄市起火建築物,/dataset/1060425004
105年高雄市火災人員死傷、財物損失,105年高雄市火災人員死傷、財物損失,/dataset/1060425002
105年度應變中心開設其他天然災害人員傷亡統計,105年度應變中心開設其他天然災害人員傷亡統計,/dataset/107010507
106年消保官教育宣導彙整表,提供106年消保官教育宣導彙整表,/dataset/106-education-advocacy
高雄市消費者服務中心106年受理消費爭議件數一覽表,提供高雄市消費者服務中心106年受理消費爭議件數一覽表,/dataset/106receiving-consumer-disputes-1
105年電子簽核及紙本簽核件數統計表,105年電子簽核及紙本簽核件數統計表,/dataset/107010506
105年一般公文時效統計表,105年一般公文時效統計表,/dataset/107010505
104年一般公文時效統計表,104年一般公文時效統計表,/dataset/107010504
103年一般公文時效統計表,103年一般公文時效統計表,/dataset/107010503
102年一般公文時效統計表,102年一般公文時效統計表,/dataset/107010502
101年一般公文時效統計表,101年一般公文時效統計表,/dataset/107010501
消防局辦公設備捐贈芳名錄,消防局辦公設備捐贈芳名錄,/dataset/1060420013
104年高雄市消費者服務中心受理消費爭議件數一覽表,提供高雄市消費者服務中心104年受理消費爭議件數一覽表,/dataset/104receiving-consumer-disputes
105年高雄市消費者服務中心受理消費爭議件數一覽表,提供高雄市消費者服務中心105年受理消費爭議件數一覽表,/dataset/10105receiving-consumer-disputes
105年消保官教育宣導彙整表,提供105年消保官教育宣導彙整表,/dataset/105-education-advocacy
104年消保官查核行程一覽表,提供104年消保官查核行程一覽表,/dataset/104-check-protection
違章建築查報作業流程,違章建築查報作業流程及拆除結案作業原則 ,/dataset/vb9
派工拆除分析,派工拆除分析,/dataset/vb17
違建隊廣告招牌查報總件數,違建隊廣告招牌查報總件數,/dataset/18
高雄旅遊網-餐飲資料,提供高雄旅遊網-餐飲資料,/dataset/dining-information
大陸地區人民及法人取得不動產權利統計表,提供高雄市大陸地區人民及法人取得不動產權利統計表,/dataset/42666
106年高雄市民向市長索取中堂輓聯（含電子輓聯）統計表,市民以寄信或親送及網路方式請託,/dataset/106mayor
高雄市計程車共乘費率表(彙整),高雄市計程車共乘費率表(彙整),/dataset/taxishare
高雄市多元計程車車隊一覽表,高雄市多元計程車車隊一覽表,/dataset/multi-taxi
高雄市觀光、無障礙計程車收費標準(彙整),高雄市觀光、無障礙計程車收費標準(彙整),/dataset/sightseeinghandicaptaxi
高雄市衛星、無線電計程車車隊一覽表(彙整)-修,高雄市衛星、無線電計程車車隊一覽表(彙整)-修,/dataset/call-taxi
高雄市多元計程車車隊一覽表,高雄市多元計程車車隊一覽表,/dataset/multitaxi
106年高雄市完成設立備查之不動產經紀業,每月統計高雄市完成設立備查之不動產經紀業者,/dataset/106
高雄市寬頻引上點,本資料內容為具有數值座標描述之寬頻引上點圖資。,/dataset/808020502
高雄市寬頻手孔,本資料內容為具有數值座標描述之寬頻手孔圖資。,/dataset/808020302
高雄市寬頻引上管,本資料內容為具有數值座標描述之寬頻引上管圖資。,/dataset/808020402
高雄市寬頻管道,本資料內容為具有數值座標描述之寬頻管道圖資。,/dataset/808020102
正修科技大學共乘費率表,正修科技大學共乘費率表,/dataset/tr3
北高雄共乘費率表,北高雄共乘費率表,/dataset/passengerplan2
母嬰親善計程車資訊,母嬰親善計程車資訊,/dataset/mtaxi
輔英科技大學共乘費率表,輔英科技大學共乘費率表,/dataset/tr2
樹德科技大學共乘費率表,樹德科技大學共乘費率表,/dataset/tr1
高雄款公車式小黃服務計畫-修,高雄款公車式小黃服務計畫-修,/dataset/taxibus
高雄市政府交通局轄內設置計程車招呼站一覽表,高雄市政府交通局轄內設置計程車招呼站一覽表,/dataset/calltaxi
106年廉政宣導件數一覽表及彙整表,有關高雄市政府秘書處辦理廉政宣導件數一覽表及彙整表。,/dataset/government-ethics
高雄市民政局暨所屬機關通訊錄,提供本市民政局暨所屬機關通訊錄，包含單位名稱、地址、電話等資料,/dataset/office-address-book
高雄市哺(集)乳室場所,提供高雄市哺(集)乳室場所,/dataset/feedingmilkroomspaces
觀光計程車,觀光計程車,/dataset/sightseeing-taxi
南北高雄計程車共乘,南北高雄計程車共乘,/dataset/passengerplan
多元化計程車,多元化計程車,/dataset/multiple-taxi
公車式小黃,公車式小黃,/dataset/bustaxi
無障礙計程車,無障礙計程車,/dataset/accessibletaxi
高雄市106年第三季房地產消費糾紛原因及來源統計表,高雄市第三季房地產消費糾紛原因及來源統計表＊非不動產服務業：係指糾紛非源自仲介、代銷、建商、地政士等不動產服務業。＊欄位填寫說明：(D)=(A)+(B)+(C)，(I)=(G)+(H)，(J)=(D)+(E)+(F)+(I)。＊欄位(D)、(E)、(F)、(I)、(J)應與每季於不動產專業人員訓練服務網後端管理平台報送之糾紛統計資訊相符。,/dataset/datag56328
高雄市106年房地產消費糾紛原因及來源統計表,高雄市106年房地產消費糾紛原因及來源統計表＊非不動產服務業：係指糾紛非源自仲介、代銷、建商、地政士等不動產服務業。＊欄位填寫說明：(D)=(A)+(B)+(C)，(I)=(G)+(H)，(J)=(D)+(E)+(F)+(I)。＊欄位(D)、(E)、(F)、(I)、(J)應與每季於不動產專業人員訓練服務網後端管理平台報送之糾紛統計資訊相符,/dataset/106421425828
地政士業務檢查紀錄表,高雄市地政士業務檢查紀錄表,/dataset/data123665
地籍清理未能釐清權屬土地標售開標紀錄,高雄市地籍清理未能釐清權屬土地標售開標紀錄,/dataset/data54456
新舊地號對照表,高雄市新舊地號對照表,/dataset/data523
新舊建號對照表,高雄市新舊建號對照表,/dataset/data1256
地籍清理土地囑託登記國有公告清冊,提供高雄市地籍清理土地囑託登記國有公告清冊,/dataset/data5632
高雄市政府電子公報API,提供高雄市政府電子公報閱覽API服務,/dataset/kcgoa-00000006-c78
高雄市合格病媒防治業,提供高雄市合格病媒防治業,/dataset/qualified-vector-control
高雄市環境用藥販賣業,提供高雄市環境用藥販賣業,/dataset/environmental-drug-trafficking
代為標售地籍清理土地及建物標售公告清冊,提供高雄市代為標售地籍清理土地及建物標售公告清冊,/dataset/475
標售價金保管款清冊,提供高雄市地籍清理標售價金保管款清冊,/dataset/data256
高雄市各區地籍地段圖,各區段界圖數值檔,/dataset/land-section-map
GPSControlPoint,高雄市各年度加密控制點資料,/dataset/gpscontrolpoint
未辦繼承登記土地建物列冊管理,提供高雄市未辦繼承登記土地建物列冊管理,/dataset/data110
移交財政部國有財產署辦理土地建物標售一覽表,提供高雄市移交財政部國有財產署辦理土地建物標售一覽表,/dataset/data111
高雄市MTV現況,提供高雄市MTV現況,/dataset/mtv
高雄市傳播媒體-電視媒體現況,提供高雄市傳播媒體-電視媒體現況,/dataset/tv-media-status
高雄市傳播媒體-廣播電台現況,提供高雄市傳播媒體-廣播電台現況,/dataset/radio-status
高雄市傳播媒體-報紙現況,提供高雄市傳播媒體-報紙現況,/dataset/status-newspapers
高雄市纜線附掛申請,提供高雄市纜線附掛申請,/dataset/cable-application
高雄市政府高字設計圖授權管理要點/審查作業要點/契約書,提供高雄市政府高字設計圖授權管理要點/審查作業要點/契約書,/dataset/points-review-work
高雄市政府有線廣播電視系統費率審議委員會設置要點,高雄市政府有線廣播電視系統費率審議委員會設置要點,/dataset/newsdata1
高雄市新聞局性別統計發佈時間一覽表,提供高雄市新聞局性別統計發佈時間一覽表,/dataset/gender-statistics-published
高雄市新聞局現有人員統計表,提供高雄市新聞局現有人員統計表,/dataset/existing-staff-tables
高雄市有線電視收費標準,提供高雄市有線電視收費標準,/dataset/cable-tv-fees
高雄市有線電視現況,高雄市有線電視現況,/dataset/kaohsiung-cable-status
大寮捷運站計程車接駁服務,大寮捷運站計程車接駁服務,/dataset/daliaotaxi1
無障礙計程車營運情形,提供無障礙計程車營運情形,/dataset/department-of-transportation26
計程車彈性運輸服務月運量統計,提供計程車彈性運輸服務月運量統計,/dataset/department-of-transportation27
高雄捷運財務統計,提供高雄捷運財務統計,/dataset/department-of-transportation21
高雄都會區捷運系統各站旅運量統計表(106.4),"捷運站別,入　站,出　站,",/dataset/department-of-transportation10
計程車統計數量,提供計程車統計數量,/dataset/department-of-transportation25
高雄市失智相關資源與窗口,1.高雄市失智共同照護中心位址與聯絡資訊2.高雄市失智社區服務據點服務項目、位址及聯絡方式,/dataset/dementia1
工務局資料盤點表,工務局資料盤點表,/dataset/pwb-list-info
106年高雄市政府鳳山行政中心行政大樓圖資,高雄市政府鳳山行政中心行政大樓圖資,/dataset/fengshan-government-centre-floor-plan
106年高雄市政府四維行政中心行政大樓圖資,高雄市政府四維行政中心行政大樓圖資,/dataset/siwei-government-centre-floor-plan
高雄厝,高雄厝,/dataset/buildkhhouse
建築物立體綠化,建築物立體綠化,/dataset/buildgreenroof
消防署災情案件資料EMIC(高雄市),提供消防署EMIC系統中，高雄市的災情案件資料。資料來源：http://data.gov.tw/node/12851於中央災害應變中心開設期間，每30分鐘更新一次，平日為測試用資料。,/dataset/emic2kcg
106年殯葬管理處空氣污染物連續自動監測設施(CEMS),106年殯葬管理處火化場煙囪監測資料參考資料：空氣污染物項目代碼表(CEMS)  ,/dataset/106-mso-cems
地政機關核發測量技師地籍測量專業資格證明名冊,高雄市核發測量技師地籍測量專業資格證明資格名冊,/dataset/landsurveyqualify
高雄市105年度辦理公共設施用地徵收工程一覽表,高雄市 10 5年度辦理公共設施用地徵收工程,/dataset/10-51
106年依職業安全衛生法第49條公布事業單位等名稱公告名單(106年全),106年依職業安全衛生法第49條公布事業單位等名稱公告名單(106年全),/dataset/106120602
勞檢處資料盤點表,勞檢處資料盤點表,/dataset/106120601
里鄰戶口數與結離婚人數統計,里鄰戶口數與結離婚人數統計,/dataset/kcgoa-00000074-cde
寺廟名冊,寺廟名冊,/dataset/temple-re
高雄市急救責任醫院,提供高雄市急救責任醫院清冊,/dataset/emergencyhospital
高雄市加油站一覽表,提供高雄市加油站一覽表,/dataset/gas-station
三民區公所免費法律諮詢,三民區公所免費法律諮詢服務時間,/dataset/freelawask2
大樹區公所資料盤點表,大樹區公所資料盤點表,/dataset/dashu-list-info
梓官區公所資料盤點表,梓官區公所資料盤點表,/dataset/tzukuan-list-info
鹽埕,鹽埕區公所,/dataset/http-yancheng-kcg-gov-tw-cp-aspx-n-3d7c9bfc4f86bf4a
各里資訊,各里資訊,/dataset/http-meinong-district-kcg-gov-tw-guid-5ed7f247-9517-a57d-caa7-a3b64c6beefb
高雄市田寮區里民防災卡,里民防災卡,/dataset/tianliao2
高雄市重要統計快報-全國資料,全國性重要指標，如失業率、物價指數等。,/dataset/national-information
燕巢區公所起掘許可申請書,起掘許可申請書,/dataset/yanchao-13
燕巢區公所接用水電申請書,接用水電申請書,/dataset/yanchao-14
燕巢區公所申請農業天然災害救助土地使用同意書,申請農業天然災害救助土地使用同意書_1060627,/dataset/yanchao-15
燕巢區公所農業用地作農業使用證明申請書,農業用地作農業使用證明申請書,/dataset/yanchao-16
燕巢區公所農業用地作農業設施容許使用申請書,農業用地作農業設施容許使用申請書,/dataset/yanchao-17
燕巢區公所農業發展條例第38條之1土地作農業使用證明申請書,農業發展條例第38條之1土地作農業使用證明申請書,/dataset/yanchao-18
燕巢區公所簡易水土保持申報書,簡易水土保持申報書,/dataset/yanchao-19
燕巢區公所生育給付申請書及給付收據,生育給付申請書及給付收據,/dataset/yanchao-20
燕巢區公所老年‧基本保證‧年金‧原住民給付,老年‧基本保證‧年金‧原住民給付,/dataset/yanchao-21
燕巢區公所遺屬年金申請書,遺屬年金申請書,/dataset/yanchao-25
燕巢區公所喪葬給付申請書,喪葬給付申請書,/dataset/yanchao-24
燕巢區公所國民年金保險費分期繳納申請書,國民年金保險費分期繳納申請書,/dataset/yanchao-23
燕巢區公所身心障礙(基本保證)年金申請書,身心障礙(基本保證)年金申請書,/dataset/yanchao-22
首長會報暨跨域合作,提供首長會報暨跨域合作資訊,/dataset/leader-transboundary
高雄捷運車站基本資料,服務流水號   MRT_005應用類型    捷運服務名稱    高雄捷運車站基本資料服務英文名稱服務提供方式  被動取得服務介接說明頁面網址  http://ptx.transportdata.tw/MOTC/#!/MetroApi/MetroApi_Station服務介接網址...,/dataset/mrt-005
幸福高雄市移居津貼,為促進本市產業升級及鼓勵專科以上學校畢青年移居本市工作，以提升就業率特訂定本要點。,/dataset/laborss
106年楠梓區基本資料表,提供目前楠梓區總人口數、服役人數、低收入戶戶數、中低收入戶戶數、身障人數、老人人數、公寓大廈總數等等。,/dataset/b-106
高雄市平價保險套販售地點,提供高雄市平價保險套販售地點,/dataset/cheapcondomssoldlocation
高雄市地面水體監測站設置位置,提供高雄市地面水體監測站設置位置,/dataset/ground-monitoring-station
高雄市勞工大學105成果表,高雄市勞工大學105成果表,/dataset/105college
106年高雄市勞工大學招生期程,106年高雄市勞工大學招生期程,/dataset/106college
高雄市電影院現況,高雄市電影院現況,/dataset/cinema-status
106年11月高雄市已登記工會清冊,高雄市已登記工會清冊,/dataset/csv
專題委託研究,提供專題委託研究,/dataset/monographic-study-trust
高雄市各役政單位坐標資訊,提供高雄市各役政單位地址及連絡電話座標,/dataset/service-address-phone
原住民人口數統計,原住民人口數統計,/dataset/kcgoa-00000077-b3e
原住民五歲年齡組統計,原住民五歲年齡組統計,/dataset/kcgoa-00000085-af2
出生死亡與遷徙統計,出生死亡與遷徙統計,/dataset/kcgoa-00000084-19b
婚姻狀況統計,婚姻狀況統計,/dataset/kcgoa-00000083-c0e
結婚人數按國籍統計,結婚人數按國籍統計,/dataset/kcgoa-00000082-4b4
離婚人數按國籍統計,離婚人數按國籍統計,/dataset/kcgoa-00000081-c0b
年齡分組統計,年齡分組統計,/dataset/kcgoa-00000080-0a3
五歲年齡組統計,五歲年齡組統計,/dataset/kcgoa-00000079-f98
原住民年齡分組統計,原住民年齡分組統計,/dataset/kcgoa-00000078-0e9
原住民戶口數年終統計,原住民戶口數年終統計,/dataset/kcgoa-00000076-ace
都市計畫程序中辦理案件進度,提供都市計畫案件辦理中進度,/dataset/urban-plan-check-progress
原住民族別統計,原住民族別統計,/dataset/kcgoa-00000075-60e
高雄市醫療院所資料,提供高雄市醫療院所資料,/dataset/medicalinstitutions
路竹區公所資料盤點表,高雄市路竹區公所資料盤點表,/dataset/lujhu-list-info
燕巢區里民防災卡,燕巢區里民防災卡,/dataset/yanchao-11
高雄輕軌車站中心座標,提供高雄輕軌車站中心座標,/dataset/light-rail-station
研究發展考核委員會資料盤點表,資料盤點表,/dataset/rdec-list-info
高雄市103年度A1交通事故地點資料,提供高雄市103年度A1交通事故地點資料,/dataset/103-a1accident
103年高雄1999派工資料,103年高雄1999派工資料,/dataset/103-open1999
102年高雄1999派工資料,102年高雄1999派工資料,/dataset/102-open1999
101年高雄1999派工資料,101年高雄1999派工資料,/dataset/101-open1999
100年高雄1999派工資料,100年高雄1999派工資料,/dataset/100-open1999
新訓中心交通路線,新訓中心交通路線,/dataset/mildp03
電話服務品質及禮貌測試統計,各年度電話服務品質及禮貌測試實施計畫,/dataset/telephone
城市發展半年刊,提供城市發展半年刊,/dataset/urban-development-half-year
高雄市政府提升政府服務計畫統計,高雄市政府104-106年度提升政府服務計畫統計,/dataset/government
高雄市政府出版品目錄,高雄市104-106年度政府出版品目錄,/dataset/publication
高雄市行政概況,提供高雄行政概況,/dataset/administration-summary
市政創新提案,提供本府市政創新獲獎提案,/dataset/innovation
高雄市政府施政報告,提供高雄市政府施政報告,/dataset/government-administrative-report
商店街聯合發展協會會員,提供商店街聯合發展協會會員,/dataset/joint-development-association
高雄市友善懷孕商店,提供高雄市友善懷孕商店,/dataset/friendly-pregnancy-store
高雄市徵兵及齡男子兵籍調查-教育程度,提供高雄市徵兵及齡男子兵籍調查-教育程度,/dataset/86accreditation-education
105年高雄1999派工資料,105年高雄1999派工資料,/dataset/105-open1999
104年高雄1999派工資料,104年高雄1999派工資料,/dataset/104-open1999
違章建築拆除結案作業原則,違章建築拆除結案作業原則,/dataset/vb15
高雄市施工中違章建築即報即拆作業規定,高雄市施工中違章建築即報即拆作業規定,/dataset/vb16
高雄市政府工務局處理違章建築執行要點,高雄市政府工務局處理違章建築執行要點,/dataset/vb7
高雄市政府資料開放平台資料集清冊,高雄市政府資料開放平台資料集清冊,/dataset/dataset-list
機關共享平台資料介接統計,機關共享平台提供各機關查詢戶政、地政及社政資料，達到資訊共享、減化辦理流程並提升便民服務成效，本資料為各項業務介接統計。,/dataset/eits-kscg
高雄市颱風豪雨期間開放車輛臨時停放處所一覽表,提供高雄市颱風豪雨期間開放車輛臨時停放處所一覽表(颱風來襲前進行更新),/dataset/typhoonparking
行動就服車預定行程表,提供行動就服車預定行程表,/dataset/car-service-schedule
高雄市地方總決算附屬單位決算及綜計表,本市附屬單位預算實際執行結果。,/dataset/government-subsidiary-agencies
高雄市地方總決算,本市總預算實際執行結果。,/dataset/government-final-accounting
高雄市地方總預算附屬單位預算及綜計表,本市附屬單位預算實際執行結果。,/dataset/unit-zongji-table
高雄市政府公報閱覽資訊,提供高雄市政府公報閱覽資訊,/dataset/information-bulletin
106年1至6月導覽機託播統計,提供託播單位、媒體類型、數量、資訊分類,/dataset/10601-06-digital-signage-statistics
104年消保官教育宣導彙整表,提供104年消保官教育宣導彙整表,/dataset/104-education-advocacy
106年高雄市政府行政中心場地介紹,提供高雄市政府行政中心場地介紹,/dataset/site-description
基層建設小型工程(區公所),基層建設小型工程(區公所),/dataset/kcgoa-00000024-a3d
高雄市政府行政中心場地使用管理規則及收費標準,高雄市政府行政中心場地使用管理規則及收費標準,/dataset/use-the-site-rules-and-fees
106年高雄市違反建築法令建築罰款處理情形,106年高雄市違反建築法令建築罰款處理情形,/dataset/build9225
106年高雄市核發建築物建照及拆除執照統計,106年高雄市核發建築物建照及拆除執照統計,/dataset/build9224
高雄市各區現住人口數年齡分組統計,高雄市各區現住人口數年齡分組統計,/dataset/kaohsiung-age-group
高雄市106年公費流感疫苗合約院所名冊,高雄市106年公費流感疫苗合約院所名冊,/dataset/kcgflu
高雄市路口監視器地點,高雄市路口監視器地點,/dataset/2017kmphcam
三民區轄內或鄰近避難收容所一覽表,三民區轄內或鄰近避難收容所一覽表,/dataset/dpm9
三民區工業管線分布圖,三民區工業管線分布圖,/dataset/dpm2
三民區毒化災危害潛勢範圍圖,三民區毒化災危害潛勢範圍圖,/dataset/dpm4
三民區淹水災害潛勢圖模擬24小時累積雨量600mm,三民區淹水災害潛勢圖模擬24小時累積雨量600mm,/dataset/dpm8
三民區淹水災害潛勢圖模擬24小時累積雨量450mm,三民區淹水災害潛勢圖模擬24小時累積雨量450mm,/dataset/dpm7
三民區淹水災害潛勢圖模擬24小時累積雨量300mm,三民區淹水災害潛勢圖模擬24小時累積雨量300mm,/dataset/dpm6
三民區海嘯災害溢淹潛勢圖,三民區海嘯災害溢淹潛勢圖,/dataset/dpm5
三民區附近斷層圖,三民區附近斷層圖,/dataset/dpm3
三民區土壤液化潛勢圖,三民區土壤液化潛勢圖,/dataset/dpm1
106年高雄市核發建築物使用建照執照統計,106年高雄市核發建築物使用建照執照統計,/dataset/build9223
106年高雄市建築管理各項執照核准件數,106年高雄市建築管理各項執照核准件數,/dataset/build9222
106年高雄市建築物開工統計,106年高雄市建築物開工統計,/dataset/build9221
教會名冊,教會名冊,/dataset/church-re
第2屆里長名冊,第2屆里長名冊,/dataset/cov-register
106歲出預算,106歲出預算,/dataset/out-budget
106歲入預算,106歲入預算,/dataset/in-budget
鄰長名冊,鄰長名冊,/dataset/neighbors-register
就業歧視暨性別工作平等專區,就業服務法第5條第1項規定：「為保障國民就業機會平等，雇主對求職人或所僱用員工，不得以種族、階級、語言、思想、宗教、黨派、籍貫、出生地、性別、性傾向、年齡、婚姻、容貌、五官、身心障礙或以往工會會員身分為由，予以歧視；其他法律有明文規定者，從其規定。」,/dataset/http-labor-kcg-gov-tw-careerservice-careerservice03-htm
不實徵才申訴,就業服務法第5條第2項第1-4款規定雇主招募或僱用員工，不得有下列情事：一、為不實之廣告或揭示。二、違反求職人或員工之意思，留置其國民身分證、工作憑證或其他證明文件，或要求提供非屬就業所需之隱私資料。三、扣留求職人或員工財物或收取保證金。四、指派求職人或員工從事違背公共秩序或善良風俗之工作。,/dataset/labor123
高雄市政府勞工局博愛職業技能訓練中心資料盤點表,高雄市政府勞工局博愛職業技能訓練中心資料盤點情形,/dataset/poai-list-info
歷年高雄市勞工權益基金補助統計表(105年起),105年勞工申請高雄市勞工權益基金補助統計,/dataset/labors_right_bund_alloeance_1050103
銀髮族服務-高齡學習機構-空中大學,高齡學習機構-空中大學,/dataset/frg0623
高雄市加氣站一覽表,提供高雄市加氣站一覽表,/dataset/stations
高雄市漁船加油站一覽表,提供高雄市漁船加油站一覽表,/dataset/fishing-stations
高雄市公墓禁葬資訊,提供公墓禁葬資訊，包含公墓區域、名稱、禁葬與否等資料,/dataset/burial-banned
106年高雄市重測範圍,提供本市106年度重測範圍圖,/dataset/landevp3
高雄市政府全球資訊網市政新聞,本府官網市政新聞,/dataset/gov-news
高雄市政府全球資訊網活動行事曆,本府官網活動行事曆,/dataset/calendar
高雄市公有零售市場行情查詢,高雄市公有零售市場行情查詢,/dataset/http-edbkcg-kcg-gov-tw-prices
高雄市鳥松區基本資料,高雄市鳥松區基本資料,/dataset/niaosong106-a3
空氣盒子,高雄市轄內空氣盒子（微型偵測器）數據,/dataset/airbox
市政FAQ,提供市政FAQ-問題集,/dataset/sol-faq
高雄市公墓坐標資訊,提供公墓坐標資訊，包含公墓所在區、坐標、電話、傳真等資料 ,/dataset/cemetery-information
高雄市納骨塔坐標資訊,提供納骨塔坐標資訊，包含納骨塔地址、坐標、電話、傳真等資料,/dataset/satisfied-pagoda
替代役役男家屬各項扶(慰)助經費統計,行政區別、總計件(戶)數、總計金額、一次安家費件(戶)數、一次安家費金額、三節生活扶助金件(戶)數、三節生活扶助金金額、生育補助金件(戶)數、生育補助金金額  、喪葬補助金件(戶)數、喪葬補助金金額、急難慰助金件(戶)數、急難慰助金金額、健保補助費件(戶)數、健保補助費金額、醫療補助費件(戶)數、醫療補助費金額,/dataset/support4
常備兵役役男家屬各項扶(慰)助經費統計,行政區別、總計件(戶)數、總計金額、一次安家費件(戶)數、一次安家費金額、三節生活扶助金件(戶)數、三節生活扶助金金額、生育補助金件(戶)數、生育補助金金額  、喪葬補助金件(戶)數、喪葬補助金金額、急難慰助金件(戶)數、急難慰助金金額、健保補助費件(戶)數、健保補助費金額、醫療補助費件(戶)數、醫療補助費金額,/dataset/support3
替代役役男家屬安家費及三節生活扶助金統計,"行政區別,合計發給戶數,合計發給口數,合計金額,一次安家費小計發給戶數,一次安家費小計發給口數,一次安家費小計金額,一次安家費甲級發給戶數,一次安家費甲級發給口數,一次安家費甲級金額,一次安家費乙級發給戶數,一次安家費乙級發給口數,一次安家費乙級金額,一次安家費丙級發給戶數,一次安家費丙級發給口數,一次安家費丙級金額,三節生活扶助金小計發給戶數,三節生...",/dataset/support2
常備兵役役男家屬安家費及三節生活扶助金統計,"行政區別,合計發給戶數,合計發給口數,合計金額,一次安家費小計發給戶數,一次安家費小計發給口數,一次安家費小計金額,一次安家費甲級發給戶數,一次安家費甲級發給口數,一次安家費甲級金額,一次安家費乙級發給戶數,一次安家費乙級發給口數,一次安家費乙級金額,一次安家費丙級發給戶數,一次安家費丙級發給口數,一次安家費丙級金額,三節生活扶助金小計發給戶數,三節生...",/dataset/support
列管後備軍人動態統計表,"軍階,役别,上月列管人數,增加數小計,增加數退伍報到,增加數停役報到,增加數零退報到,增加數遷入,增加數轉役入,增加數其他,減少數小計,減少數遷出,減少數志願服役,減少數轉役出,減少數免役,減少數回役,減少數除役,減少數禁役,減少數死亡,減少數其他,本月列管人數,本月中出國,本月中失蹤人口,本月中失蹤撤銷,本月中回國,本月中區內住變,備註 ",/dataset/reserve
各里鄰長名冊,本區各里鄰長名冊,/dataset/lingya-neighborhood
防災避難收容處所一覽表,本區防災避難收容處所一覽表,/dataset/lingya-shelter
管有個人資料項目彙整表,本所管有個人資料項目彙整表,/dataset/lingya-possessiondata
台電促協金執行情形,本所台電促協金執行情形,/dataset/lingya-moneyback
預算及決算,本所年度預算及決算,/dataset/lingya-budget
林園排水整治工程(第一期、第二期),林園排水整治工程(第一期、第二期),/dataset/drainage-02
美濃竹子門排水改善工程(第一工區)徵收書圖,美濃竹子門排水改善工程(第一工區)徵收書圖,/dataset/drainage-01
岡山區縣道186線本工環東路至河華路拓寬工程徵收計畫書圖,提供岡山區縣道186線本工環東路至河華路拓寬工程徵收計畫書圖,/dataset/gangshan-county-road186
106年度高雄市養鹿場結核病檢驗合格名冊,提供106年度高雄市養鹿場結核病檢驗合格名冊,/dataset/pass-tuberculosis-deer-farm
分層負責明細表,本所分層負責明細表,/dataset/lingya-level
提升服務品質執行計畫,本所各年度提升服務品質執行計畫,/dataset/lingya-serviceup
105年高雄市公有土地面積統計,高雄市公有土地面積統計,/dataset/105kao05
105年高雄市公有土地筆數統計,高雄市公有土地筆數統計表,/dataset/105kap04
105年高雄市不同權屬土地筆數統計,高雄市不同權屬土地筆數統計,/dataset/105dwdw
105年高雄市不同權屬土地面積統計,高雄市不同權屬土地面積統計表,/dataset/105kao01
高雄市產銷履歷清冊,提供高雄市產銷履歷清冊,/dataset/kaohsiung-traceability
高雄市徵兵及齡男子兵籍調查-民間專長,提供高雄市徵兵及齡男子兵籍調查-民間專長,/dataset/86civil-expertise
永安區保興二路拓寬工程(第二期),提供永安區保興二路拓寬工程(第二期),/dataset/yuanbaoshing2
高雄市工廠登記清冊,提供高雄市工廠登記清冊,/dataset/factory-registration-inventory
高雄市非都市土地使用分區與編定筆數及面積,提供高雄市非都市土地使用分區與編定筆數及面積,/dataset/105ylanduse
105年高雄市颱風豪雨期間開放車輛臨時停放處所一覽表,提供高雄市颱風豪雨期間開放車輛臨時停放處所一覽表(105年資料),/dataset/105typhoonparking
違章建築處理大隊決算表,違章建築處理大隊決算表,/dataset/vbm2
太陽光電推廣,太陽光電推廣,/dataset/buildsolar
執照核發,執照核發,/dataset/buildlicense
閒置空地綠美化,閒置空地綠美化,/dataset/buildgreen
騎樓順平,騎樓順平,/dataset/buildarcade
營造業,營造業,/dataset/construction
違建隊違章建築查報件數,違建隊違章建築查報件數,/dataset/17
筆秀排水整治工程第2期徵收計畫書,筆秀排水整治工程第2期徵收計畫書,/dataset/wrb-collection
違章建築處理大隊提升服務品質實施計畫,違章建築處理大隊提升服務品質實施計畫,/dataset/vb11
違章建築處理大隊施政計畫,違章建築處理大隊施政計畫,/dataset/vb10
違章建築處理大隊預算表,違章建築處理大隊預算表,/dataset/vbm1
內門區公所資料盤點表,內門區公所資料盤點表,/dataset/neimen-list-info
大社區公所資料盤點表,清查大社區公所所擁有個人資料及可開放資料。,/dataset/dsrtg-list-info
楠梓區公所資料盤點表,楠梓區可提供公開資料盤點清單,/dataset/nanzih-list-info
甲仙區公所-資料盤點表,高雄市甲仙區公所-資料盤點表,/dataset/jiashian-list-info
仁武區公所資料盤點表,開放資料盤點,/dataset/jenwu-list-info
林園區公所資料盤點表,高雄市林園區公所資料盤點表,/dataset/linyuan-list-info
彌陀區公所資料盤點表,資料盤點表,/dataset/mituo-list-info
原住民事務委員會資料盤點表,資料盤點,/dataset/iac-list-info
田寮區公所資料盤點表,高雄市田寮區公所-資料盤點表,/dataset/tlv-list-info
燕巢區公所資料盤點表,燕巢區公所資料盤點表,/dataset/yanchao-list-info
美濃區公所資料盤點表,資料盤點表,/dataset/meinong-district-list-info
鳳山區公所資料盤點表,鳳山區公所資料盤點表,/dataset/fsdo-list-info
消防局資料盤點表,消防局資料盤點表,/dataset/fdkc-list-info
財政局資料盤點表,資料盤點表,/dataset/finance-list-info
高雄市原民會部落大學社區教室,行政區、教室、地址,/dataset/http-www-coia08
高雄市原民會部落大學課程,行政區、教室、課程名稱、起迄日期、授課時間、負責人、電話,/dataset/http-www-coia07
高雄市原民會族語學習教室,地點、區會、行政區、地址、電話、族別、語別,/dataset/http-www-coia06
高雄市原民會旅遊便利GO-行程景點,景點名稱、行政區、地址、聯絡人、電話、手機、經度、緯度,/dataset/http-www-coia02
高雄市原民會旅遊便利GO-特色景點,景點名稱、行政區、地址、聯絡人、電話、手機、經度、緯度、備註 ,/dataset/http-www-coia03
高雄市原民會旅遊便利GO-旅遊行程,行程名稱、行政區、地址、接洽業者、電話、手機,/dataset/http-www-coia04
高雄市原民會原住民部落工場,工坊名稱、地址、負責人、電話、手機,/dataset/http-www-coia05
高雄市原民會福利服務據點,福利分類、福利標題、縣市、地址、電話、經度、緯度、說明,/dataset/http-www-coia01
仁大及大發工業區揮發性有機物監測成果,仁大及大發工業區OP-FTIR VOCs每月監測監測數據,/dataset/opftir_data
客委會出版品一覽表,客委會出版品一覽表,/dataset/hakka-publication
高雄市政府客家事務委員會委員性別統計,高雄市政府客家事務委員會委員性別統計,/dataset/hakka-members
高雄市更新地區範圍圖,高雄市都市更新範圍圖之TWD97坐標向量數值圖檔(SHP),/dataset/urbanshp201704000013
高雄市都市更新成果,提供高雄市都市更新核定成果,/dataset/urban-redevelopment-approved-achievements
前鎮區公所資料盤點表,資料盤點表,/dataset/cianjhen-list-info
易淹水地區水患治理計畫,易淹水地區水患治理計畫,/dataset/wrb-build37
高雄市天然災害區域排水設施受損情形,高雄市天然災害區域排水設施受損情形,/dataset/wrb-build36
高雄市規劃滯洪池分佈圖,高雄市規劃滯洪池分佈圖,/dataset/wrb-build35
103~106年度自主防災社區教育訓練及演習列表,103~106年度自主防災社區教育訓練及演習列表,/dataset/wrb-build34
101年至106年水利局辦理演習統計表,101~106年高雄市政府水利局主(協)辦災害防救演習列表,/dataset/wrb-build33
礫間淨化濕地公園,礫間淨化濕地公園,/dataset/build32
污水接管長度與接管率,用戶接管戶數、用戶接管率、管線長度,/dataset/build31
政風處資料盤點表,政風處資料盤點表,/dataset/disdp-list-info
高雄市政府消防局分隊通訊錄,高雄市政府消防局分隊通訊錄,/dataset/20170619001
政府行政機關辦公日曆表,提供政府行政機關辦公日曆表,/dataset/administration-office-calendar
身心障礙人員進用情形,身心障礙人員進用情形,/dataset/persons-with-disabilities-personnel-recruitment
原住民進用情形,原住民進用情形,/dataset/aboriginal-appointments
婦女服務-單親家庭服務據點,單親家庭服務中心,/dataset/frg0502
高雄市勞工局訓練中心 燕巢就業服務台就業徵才,高雄市勞工局訓練中心 燕巢就業服務台就業徵才,/dataset/yanchao10
湖內區社區資訊,社區資訊,/dataset/hunei
警察局資料盤點表,警察局資料盤點表,/dataset/kmph-list-info
高雄市立社教館演講、親子及其他活動線上報名,提供高雄市立社教館演講、親子及其他活動線上報名,/dataset/edb10
各項稅捐預算數,各項稅捐預算數,/dataset/01
各項稅捐實徵數,各項稅捐實徵數,/dataset/03
各項稅捐退還以前年度歲入款,各項稅捐退還以前年度歲入款,/dataset/04
各項稅捐實徵淨額,各項稅捐實徵淨額,/dataset/05
各項稅捐實徵淨額基比指數,各項稅捐實徵淨額基比指數,/dataset/06
各項稅捐實徵淨額環比指數,各項稅捐實徵淨額環比指數,/dataset/07
國民旅遊卡常見問題Q＆A,國民旅遊卡常見問題整理。,/dataset/national-travel-card2
各項稅收季節變動指數,各項稅收季節變動指數,/dataset/08
稅捐納庫數,稅捐納庫數,/dataset/09
地價稅課稅戶數,地價稅課稅戶數,/dataset/10
地價稅課稅面積,地價稅課稅面積,/dataset/11
地價稅課稅地價,地價稅課稅地價,/dataset/12
地價稅減免筆數,地價稅減免筆數,/dataset/13
地價稅減免課稅面積,地價稅減免課稅面積,/dataset/106-014
地價稅減免課稅地價,地價稅減免課稅地價,/dataset/tax15
高雄市因應各項災害避難收容場所一覽表,提供高雄市因應各項災害避難收容場所一覽表。,/dataset/http-socbu-kcg-gov-tw-prog-2-b-id-29-m-id-147-s-id-603
土地增值稅移轉筆數-按稅率別,土地增值稅移轉筆數-按稅率別,/dataset/tax16
高雄市教育局青少年探索教育中心,高雄市教育局青少年探索教育中心網站,/dataset/adventure
土地增值稅移轉面積-按稅率別,土地增值稅移轉面積-按稅率別,/dataset/tax17
土地增值稅移轉現值-按稅率別,土地增值稅移轉現值-按稅率別,/dataset/tax18
土地增值稅調整後原規定地價或前次移轉現值-按稅率別,土地增值稅調整後原規定地價或前次移轉現值-按稅率別,/dataset/tax19
土地增值稅改良土地費用-按稅率別,土地增值稅改良土地費用-按稅率別,/dataset/tax20
高雄市水井申報納管系統,水井申報納管,/dataset/well
土地增值稅漲價總數額-按稅率別,土地增值稅漲價總數額-按稅率別,/dataset/tax21
土地增值稅查定稅額-按稅率別,土地增值稅查定稅額-按稅率別,/dataset/tax22
土地增值稅增繳地價稅抵繳稅額-按稅率別,土地增值稅增繳地價稅抵繳稅額-按稅率別,/dataset/tax23
楠梓污水處理廠導覽預約,楠梓污水處理廠導覽預約,/dataset/sewage
中區汙水處理廠壘球場地預約,中區汙水處理廠壘球場地預約,/dataset/http-wrb-kcg-gov-tw-08-affair-midsewer5-asp
土地增值稅減徵稅額-按稅率別,土地增值稅減徵稅額-按稅率別,/dataset/tax24
土地增值稅應納稅額-按稅率別,土地增值稅應納稅額-按稅率別,/dataset/tax25
北屋排水整治工程,北屋排水整治工程,/dataset/build27
高雄市老人免費裝假牙特約醫療院所,提供高雄市老人免費裝假牙特約醫療院所,/dataset/freedentures
高雄市祭祀公業法人一覽表,高雄市祭祀公業法人一覽表,/dataset/legal-foundation-of-ancestor-worship
經濟發展局資料盤點表,資料盤點表,/dataset/edb-list-info
土地增值稅移轉筆數-按移轉原因別,土地增值稅移轉筆數-按移轉原因別,/dataset/tax26
土地增值稅移轉面積-按移轉原因別,土地增值稅移轉面積-按移轉原因別,/dataset/tax27
土地增值稅移轉現值-按移轉原因別,土地增值稅移轉現值-按移轉原因別,/dataset/tax28
土地增值稅調整後原規定地價或前次移轉現值-按移轉原因別,土地增值稅調整後原規定地價或前次移轉現值-按移轉原因別,/dataset/tax29
土地增值稅改良土地費用-按移轉原因別,土地增值稅改良土地費用-按移轉原因別,/dataset/tax30
土地增值稅漲價總數額-按移轉原因別,土地增值稅漲價總數額-按移轉原因別,/dataset/tax31
土地增值稅查定稅額-按移轉原因別,土地增值稅查定稅額-按移轉原因別,/dataset/tax32
土地增值稅增繳地價稅抵繳稅額-按移轉原因別,土地增值稅增繳地價稅抵繳稅額-按移轉原因別,/dataset/tax33
土地增值稅減徵稅額-按移轉原因別,土地增值稅減徵稅額-按移轉原因別,/dataset/tax34
土地增值稅應納稅額-按移轉原因別,土地增值稅應納稅額-按移轉原因別,/dataset/tax35
房屋稅應稅戶數-按公私有別、構造別及使用別,房屋稅應稅戶數-按公私有別、構造別及使用別,/dataset/tax36
房屋稅應稅面積-按公私有別、構造別及使用別,房屋稅應稅面積-按公私有別、構造別及使用別,/dataset/tax37
房屋稅應稅現值-按公私有別、構造別及使用別,房屋稅應稅現值-按公私有別、構造別及使用別,/dataset/tax38
房屋稅免稅戶數-按公私有別及構造別,房屋稅免稅戶數-按公私有別及構造別,/dataset/tax39
房屋稅免稅面積-按公私有別及構造別,房屋稅免稅面積-按公私有別及構造別,/dataset/tax40
房屋稅免稅現值-按公私有別及構造別,房屋稅免稅現值-按公私有別及構造別,/dataset/tax41
使用牌照稅稽徵件數-按車種別,使用牌照稅稽徵件數-按車種別,/dataset/tax42
使用牌照稅實徵淨額-按車種別,使用牌照稅實徵淨額-按車種別,/dataset/tax43
契稅查定件數-按契別,契稅查定件數-按契別,/dataset/tax44
契稅查定契價-按契別,契稅查定契價-按契別,/dataset/tax45
娛樂稅查定及申報家數-按來源別,娛樂稅查定及申報家數-按來源別,/dataset/tax106-47
印花稅徵收稅額-按來源別,印花稅徵收稅額-按來源別,/dataset/tax106-046
娛樂稅實徵淨額-按來源別,娛樂稅實徵淨額-按來源別,/dataset/tax106-48
查核定開徵件數,查核定開徵件數,/dataset/tax106-49
查核定開徵金額,查核定開徵金額,/dataset/tax106-50
實徵件數,實徵件數,/dataset/tax106-51
實徵金額,實徵金額,/dataset/tax106-52
減免註銷件數,減免註銷件數,/dataset/tax106-53
減免註銷金額,減免註銷金額,/dataset/tax106-54
逾徵收期限件數,逾徵收期限件數,/dataset/tax106-55
逾徵收期限金額,逾徵收期限金額,/dataset/tax106-56
逾核課期限件數,逾核課期限件數,/dataset/tax106-057
逾核課期限金額,逾核課期限金額,/dataset/tax106-58
未徵件數-按未徵情形別,未徵件數-按未徵情形別,/dataset/tax106-59
未徵金額-按未徵情形別,未徵金額-按未徵情形別,/dataset/tax106-60
違章漏稅案件受理件數,違章漏稅案件受理件數,/dataset/tax106-61
違章漏稅案件審理件數,違章漏稅案件審理件數,/dataset/tax106-62
違章漏稅案件處罰後自行繳納件數,違章漏稅案件處罰後自行繳納件數,/dataset/tax106-63
違章漏稅案件處罰後自行繳納金額,違章漏稅案件處罰後自行繳納金額,/dataset/tax106-64
違章罰鍰案件移送執行件數,違章罰鍰案件移送執行件數,/dataset/tax106-065
違章罰鍰案件移送執行金額,違章罰鍰案件移送執行金額,/dataset/tax106-66
違章罰鍰案件更正註銷件數,違章罰鍰案件更正註銷件數,/dataset/tax106-67
違章罰鍰案件更正註銷金額,違章罰鍰案件更正註銷金額,/dataset/tax106-68
違章罰鍰案件移送執行繳納件數,違章罰鍰案件移送執行繳納件數,/dataset/tax106-69
違章罰鍰案件移送執行繳納金額,違章罰鍰案件移送執行繳納金額,/dataset/tax106-70
違章罰鍰案件發給執行憑證件數,違章罰鍰案件發給執行憑證件數,/dataset/tax106-71
違章罰鍰案件發給執行憑證金額,違章罰鍰案件發給執行憑證金額,/dataset/tax106-72
違章罰鍰案件移送退案或撤回件數,違章罰鍰案件移送退案或撤回件數,/dataset/tax106-73
違章罰鍰案件移送退案或撤回金額,違章罰鍰案件移送退案或撤回金額,/dataset/tax106-74
各項稅捐徵課費用,各項稅捐徵課費用,/dataset/tax106-75
各項稅捐徵課成本,各項稅捐徵課成本,/dataset/tax106-76
高雄市稅捐稽徵處歲出預算數,高雄市稅捐稽徵處歲出預算數,/dataset/tax106-77
高雄市稅捐稽徵處歲出決算數,高雄市稅捐稽徵處歲出決算數,/dataset/tax106-78
高雄市稅捐稽徵處歲出預算執行率,高雄市稅捐稽徵處歲出預算執行率,/dataset/tax106-079
全功能服務櫃台辦理件數,全功能服務櫃台辦理件數,/dataset/tax106-80
各項稅捐查定數,各項稅捐查定數,/dataset/02
高雄市「城鎮風貌型塑整體規畫」計畫總表,高雄市「城鎮風貌型塑整體計畫」計畫總表,/dataset/townscape-renaissance-project
高雄市老屋活化整修及經營補助計畫補助名冊,高雄市老屋活化整修及經營補助計畫補助名冊,/dataset/ancientbuilding
本府廉政會報會議紀錄,本府廉政會報會議紀錄,/dataset/disdp-kcg-gov-tw-business-business1-1-php-clsno
地政局資料盤點表,地政局資料盤點表,/dataset/landp-list-info
高雄市政府員工廉政倫理規範Q＆A,高雄市政府員工廉政倫理規範Q＆A,/dataset/q-a
替代役役男主、副食費發放標準,替代役役男主、副食費發放標準 ,/dataset/food-expenses
高雄市鹽埕區公所 106年度施政計畫,高雄市鹽埕區公所106年度施政計畫提要　　本計畫依據高雄市政府106年度施政綱要，配合核定預算額度，並賡續上年度施政成效斟酌區政建設實際需要，以「市民作主」為主軸，並將「最愛生活在高雄」作為施政總目標，編訂106年度施政計畫，其要點及重大施政目標如次：...,/dataset/yancheng
高雄市鳥松區第2屆里長選舉候選人得票數統計表,高雄市鳥松區第2屆里長選舉候選人得票數統計表,/dataset/niaosong-106b9
高雄市第2屆市議員選舉第5選舉區開票統計結果,高雄市第2屆市議員選舉第5選舉區開票統計結果,/dataset/2-5
鳥松區公所資料盤點表,鳥松區公所資料盤點表,/dataset/niaosong-list-info
第14任總統副總統選舉鳥松區開票統計結果,第14任總統副總統選舉鳥松區開票統計結果,/dataset/niaosong-106b6-1
高雄市市議員選舉第5選舉區開票統計結果,高雄市市議員選舉第5選舉區開票統計結果,/dataset/niaosong-106b8
鳥松區立案宗教團體,鳥松區立案宗教團體,/dataset/niaosong-106b5
中區污水廠太陽光電發電系統,中區污水廠太陽光電發電系統,/dataset/build9
大樹污水下水道系統,大樹污水下水道系統,/dataset/build10
阿公店溪流域水質改善與環境營造工程,阿公店溪流域水質改善與環境營造工程,/dataset/build11
年度排水清疏及維護工程,年度排水清疏及維護工程,/dataset/build14
典寶溪A區滯洪池工程,典寶溪A區滯洪池工程,/dataset/build17
仁武區獅龍溪滯洪池工程,仁武區獅龍溪滯洪池工程,/dataset/build16
鳳山溪水岸綠都心營造計畫,鳳山溪水岸綠都心營造計畫,/dataset/build15
抽水站暨水閘門與移動式抽水機維護保養,抽水站暨水閘門與移動式抽水機維護保養,/dataset/build13
水患自主防災社區輔導推動計畫,水患自主防災社區輔導推動計畫,/dataset/build12
中區污水廠流程處理單元功能提昇,中區污水廠流程處理單元功能提昇,/dataset/build8
高雄市污水廠成果展示,高雄市污水廠成果展示,/dataset/build7
鳳山鳥松污水下水道系統,鳳山鳥松污水下水道系統,/dataset/build6
污水下水道營運管理系統,污水下水道營運管理系統,/dataset/build5
愛河上游水質改善工程(九番埤水質改善),愛河上游水質改善工程簡介(九番埤水質改善),/dataset/build4
新光大排截流工程,新光大排截流工程簡介,/dataset/build3
「高屏溪-環保之聲」季刊,提供「高屏溪-環保之聲」季刊,/dataset/voice-of-environmental
高雄市環保行政概況,高雄市環保行政概況,/dataset/administrative-overview
高雄市噪音監測站位置,提供高雄市噪音監測站位置,/dataset/noise-station-location
高雄市垃圾焚化廠位置,提供高雄市垃圾焚化廠位置,/dataset/refuse-incineration-plant
廣告物設置管理系統,提供廣告物設置管理系統,/dataset/advertisement-settings
核准身障福利團體設置舊衣回收箱,提供核准身障福利團體設置舊衣回收箱,/dataset/old-clothes-recycling-bins
ARM自動資源回收機器設置地點、開放時間及回收項目,提供ARM自動資源回收機器設置地點、開放時間及回收項目,/dataset/arm-automatic-resources
高雄市環保餐廳,提供高雄市環保餐廳,/dataset/environ-friendly-restaurant
高雄市環保旅店,提供高雄市環保旅店,/dataset/environmen-friendly-hotel
高雄市民眾檢舉違反廢棄物清理法案件獎勵辦法,提供高雄市民眾檢舉違反廢棄物清理法案件獎勵辦法,/dataset/report-waste-clean-up
高雄市檢舉違反水污染防治法案件獎勵辦法,提供高雄市檢舉違反水污染防治法案件獎勵辦法,/dataset/report-water-pollution
空氣品質手動測站監測數值,提供空氣品質手動測站監測數值,/dataset/air-quality-automatic-station
民眾檢舉案件資訊管理系統,提供民眾檢舉案件資訊管理系統,/dataset/report-the-case
高雄市給水廠清水水質檢測結果,提供高雄市給水廠清水水質檢測結果,/dataset/water-supply-testing
高雄市加水站水源供應許可核可名單,提供高雄市加水站水源供應許可核可名單,/dataset/water-supply-station
高雄市環境教育機構,提供高雄市環境教育機構,/dataset/environmental-education
高雄市環境教育設施場所,提供高雄市環境教育設施場所,/dataset/environmen-edu-facilities
高雄市生物多樣性資料庫,提供高雄市生物多樣性資料庫,/dataset/biodiversity-database
衞生掩埋場位置,衞生掩埋場位置,/dataset/sanitary-landfill-site
垃圾清運路線及時間,提供垃圾清運路線及時間,/dataset/garbage-clean-up
高雄市處理業機構名冊,提供高雄市處理業機構名冊,/dataset/processing-industry
高雄市飲用水資訊,提供高雄市飲用水資訊,/dataset/drinking-water-information
旗山地景橋改善工程,旗山地景橋改善工程簡介,/dataset/build1
茄萣海岸復育及景觀改善工程,茄萣海岸復育及景觀改善工程建設簡介,/dataset/build
高雄市空氣品質人工監測站位置,提供高雄市空氣品質人工監測站位置,/dataset/artificial-monitoring-station
公厠位置,提供公厠位置,/dataset/public-toilet-location
高雄市回收業機構名冊,提供高雄市回收業機構名冊,/dataset/recycling-industry
高雄市綠色商店,提供高雄市綠色商店,/dataset/green-shop
航空噪音管制區,提供防空噪音管制區,/dataset/noise-control-zone
103年空氣污染物連續自動監測設施(CEMS),103年空氣污染物連續自動監測設施(CEMS)參考資料：空氣污染物工廠名單(CEMS) 、空氣污染物項目代碼表(CEMS)  ,/dataset/103-cems
高雄市公共腳踏車資訊,提供高雄市公共腳踏車即時租賃站資訊、使用次數、減碳成效等資料,/dataset/public-bike-rental
高雄市漁港公告開放停放遊艇停泊停靠數量-月報,高雄市漁港公告開放停放遊艇停泊停靠數量-月報,/dataset/parking-yacht-number
高雄市食用水產製造品生產量及價值-(按魚類別),高雄市食用水產製造品生產量及價值-(按魚類別),/dataset/edible-aquatic-product-by-fish-data
替代役役男薪俸標準表,替代役役男薪俸標準表,/dataset/salaries
高雄市易淹水地區水患治理計畫、流域綜合治理計畫,高雄市易淹水地區水患治理計畫、流域綜合治理計畫,/dataset/flooded-area
滯洪池統計資料,提供滯洪池統計資料,/dataset/flood-detention-basin
高雄市鳥松區農作物生產報告表,高雄市鳥松區農作物生產報告表,/dataset/niaosong-106d2
高雄市鳥松區家畜結果表,高雄市鳥松區家畜結果表,/dataset/niaosong-106d1
中區及南區資源回收廠回饋金收支情形,中區及南區資源回收廠回饋金收支情形,/dataset/niaosong-106b4
高雄市鳥松區9處災民避難收容處所資料,高雄市鳥松區9處災民避難收容處所資料,/dataset/niaosong106-c6
105年決算公告,105年決算公告,/dataset/niaosong-106f2
高雄市製冰冷藏及凍結概況,高雄市製冰冷藏及凍結概況,/dataset/ice-refrigeration-freezing-data
高雄市鳥松區廉政會報會議紀錄,高雄市鳥松區廉政會報會議紀錄,/dataset/niaosong-106g1
高雄市近海、沿岸漁業、海面養殖、內陸漁撈、內陸養殖漁業生產量(年),高雄市近海、沿岸漁業、海面養殖、內陸漁撈、內陸養殖漁業生產量(年),/dataset/fishery-production-by-year
高雄市非食用水產製造品生產量及價值-按月別分,高雄市非食用水產製造品生產量及價值-按月別分,/dataset/non-edible-aquatic-product-data
高雄市現有無動力舢舨數量,高雄市現有無動力舢舨數量,/dataset/sampan-data
高雄市現有漁筏數量,高雄市現有漁筏數量,/dataset/raft-data
高雄市新造動力漁船數,高雄市新造動力漁船數,/dataset/new-built-fishing-vessels
高雄市漁港別漁產量及漁船筏數,高雄市漁港別漁產量及漁船筏數,/dataset/fishery-production-rafts-by-fishing-port
高雄市遭難漁民數,高雄市遭難漁民數,/dataset/affected-fishermen
高雄市遭難漁船數,高雄市遭難漁船數,/dataset/trapped-fishing-boats
高雄市遊艇產業政府投資及經費來源,高雄市遊艇產業政府投資及經費來源,/dataset/yacht-industry-investment-funding-sources
高雄市漁業固定投資情形,高雄市漁業固定投資情形,/dataset/fixed-fishery-investment
高雄市三民區公所場地使用管理規則,高雄市三民區公所場地使用管理規則,/dataset/smdgrounduserule
漁戶及漁戶人口數,漁戶及漁戶人口數,/dataset/fisherman-population-data
高雄市漁業從業人數,高雄市漁業從業人數,/dataset/fishery-practitioner-data
高雄市水產加工廠（場）數,高雄市水產加工廠（場）數,/dataset/aquatic-processing-plant-data
高雄市水產罐頭製品量值,高雄市水產罐頭製品量值,/dataset/canned-aquatic-product-data
高雄市食用水產製造品生產量及價值-(按月別分),高雄市食用水產製造品生產量及價值-(按月別分),/dataset/edible-aquatic-product-by-m-data
高雄市苓雅區公所資料盤點表,高雄市苓雅區公所資料盤點表,/dataset/lingya-list-info
消防局歷年受理總電話量統計,消防局歷年受理總電話量統計,/dataset/20170601005
消防局歷年受理其他電話量統計,消防局歷年受理其他電話量統計,/dataset/20170601004
消防局歷年受理公用電話量統計,消防局歷年受理公用電話量統計,/dataset/20170601003
消防局歷年受理行動電話量統計,消防局歷年受理行動電話量統計,/dataset/20170601002
消防局歷年受理市話電話量統計,消防局歷年受理市話電話量統計,/dataset/20170601001
開發工程進度,提供開發工程進度,/dataset/landevp2
本市標售土地資訊,提供本市標售土地資訊,/dataset/landevp4
本市各土地開發區執行情形,提供本市各土地開發區執行情形,/dataset/landevp
三民區公所資料盤點表,三民區公所資料盤點表,/dataset/smd-list-info
農業局暨所屬機關資料盤點表,序號、管理單位、業務或資料集名稱、使用對象(1.內部使用、2.提供民眾使用、3.跨機關使用)、資料分類(甲類：開放資料、乙類：有限度利用資料、丙類：不開放資料)、現況(1.免費使用 、2.免費申請 、3.收費 、4.未開放 )、開放程度(1.已開放 、2.預定開放(請填寫預定開放日期)、3.不能開放(請於備註欄填寫不能開放理由) )、備註等欄位,/dataset/agri-dataset
高雄市水產養殖面積-按魚類別分,高雄市水產養殖面積-按魚類別分,/dataset/aquaculture-area-y
高雄市各種魚類平均價格(遠洋漁業),高雄市各種魚類平均價格(遠洋漁業),/dataset/fish-price-offshore-data
各種魚類平均價格-(沿近海、養殖漁業),各種魚類平均價格-(沿近海、養殖漁業),/dataset/fish-price-seashore-farming-y
高雄市遠洋漁業生產量(年),高雄市遠洋漁業生產量(年),/dataset/offshore-fishery-production-by-year-data
小港區公所資料盤點表,小港區公所資料盤點表,/dataset/hdao-list-info
前金區公所資料盤點表,前金區公所資料盤點表,/dataset/chiengin-list-info
高雄市客家美食餐飲小吃名冊,提供高雄市客家美食餐飲小吃名冊,/dataset/hakka-delicacy
左營區公所資料盤點表,左營區公所資料盤點表,/dataset/zuoying-list-info
105年「高雄客家伴手禮」商家產品聯絡資訊一覽表,105年「高雄客家伴手禮」商家產品聯絡資訊一覽表,/dataset/105hakkaproduct
高雄市客語認證能力通過數,高雄市103至105年客語認證能力通過數,/dataset/examine
高雄市客家社團會員性別統計,高雄市103至105年客家社團會員性別統計,/dataset/hakkacommunity
客家事務委員會資料盤點表,客家事務委員會資料盤點表,/dataset/hakka-list-info
客委會職員性別統計,高雄市政府客家事務委員會歷年職員性別統計,/dataset/employee
人事處暨所屬機關資料盤點表,人事處暨所屬機關資料盤點表,/dataset/kpd-list-info
都發局資料盤點表,都發局資料盤點表,/dataset/urban-list-info
民政局暨所屬機關資料盤點表,民政局暨所屬機關資料盤點表,/dataset/cabu-list-info
106年度高雄市鳥松區兵役列管人數統計表,106年度高雄市鳥松區兵役列管人數統計表,/dataset/niaosong-106e2
106年度高雄市鳥松區役男出境及逾期不歸人數統計表,106年度高雄市鳥松區役男出境及逾期不歸人數統計表,/dataset/niaosong-106e1
鳥松區里民防災卡,鳥松區里民防災卡,/dataset/niaosong-106-b3
106年度預算公告,106年度預算公告,/dataset/niaosong-106f1
高雄市106學年度國民小學學區劃分一覽表,高雄市106學年度國民小學學區劃分一覽表,/dataset/niaosong-106b2
高雄市106學年度國中學區劃分一覽表,高雄市106學年度國中學區劃分一覽表,/dataset/niaosong106b1
高雄市鳥松區水災災害防災地圖,高雄市鳥松區水災災害防災地圖,/dataset/niaosong-106c5
高雄市鳥松區轄內或鄰近避難收容所一覽表,高雄市鳥松區轄內或鄰近避難收容所一覽表,/dataset/niaosong-106c4
高雄市鳥松區公所因應各項災害避難收容處收一覽表,高雄市鳥松區公所因應各項災害避難收容處收一覽表,/dataset/niaosong-106c3
旗山區公所資料盤點表,旗山區公所資料盤點表,/dataset/cishan-list-info
高雄市工廠歇業清冊,提供高雄市工廠歇業清冊,/dataset/factory-closures
高雄市岡山本洲產業園區廠商名冊,提供高雄市岡山本洲產業園區廠商名冊,/dataset/gangshan-manufacturers
高雄市和發產業園區開發案徵收計畫書,提供高雄市和發產業園區開發案徵收計畫書,/dataset/collection-development-plan
高雄市和發產業園區開發案,提供高雄市和發產業園區開發案,/dataset/development-case
高雄市產業園區簡介,提供高雄市產業園區簡介,/dataset/industrial-park
高雄市鳥松區社區發展協會介紹,高雄市鳥松區社區發展協會介紹,/dataset/niaosong-106c2
里政資訊,里鄰長資訊,/dataset/vil
高雄市仁武區避難收容處所,收容處所設置地點,/dataset/shelter
服務表單下載,服務表單下載,/dataset/alian-servicelist
104年高雄市不動產買賣統計,提供104年高雄市不動產買賣統計,/dataset/104real-estate-business
高雄市仁武區各社區社團關懷據點聯絡一覽表,聯絡資料,/dataset/community
alian-business,阿蓮區公所機關業務職掌,/dataset/alian-business
105年高雄市不動產抵押權設定統計,提供105年高雄市不動產抵押權設定統計,/dataset/re-mortgage-statistics105
alian-Q&A,本所業務問答集,/dataset/alian-q-a
alian-protectarea,阿蓮區天然災害災民避難收容處所,/dataset/alian-protectarea
alian-precautionarea,里民防災卡,/dataset/alian-precautionarea
高雄市鳥松區公所106年度施政計畫,高雄市鳥松區公所106年度施政計畫,/dataset/niaosong106a1
高雄市中區資源回收廠營運仁武區里回饋金,回饋金使用經費支用情形明細,/dataset/central
高雄市仁武垃圾焚化廠營運回饋金,104年營運回饋金經費支用情形明細表,/dataset/feedback
高雄市美濃區公所106年度施政計畫,年度施政計畫,/dataset/http-meinong-district-kcg-gov-tw-page-files-guid-7e511ce2-065a-01ee-9534-cd3ece176858
書表下載,各課室書表下載,/dataset/http-meinong-district-kcg-gov-tw-page-files-guid-48e73a25-d642-f0f2-27f8-791a9a1210b4
杉林區公所106年提升服務品質執行計畫,杉林區公所106年提升服務品質執行計畫,/dataset/105-3
杉林區公所106年度施政計畫,杉林區公所106年度施政計畫,/dataset/106-4
106年杉林區基本資料表,106年1月杉林區基本資料表,/dataset/106-2
本市各土地開發區位置圖,提供本市各土地開發區位置圖,/dataset/landevp1
高雄市開發區土地歷年標售底價,重劃/區段徵收區、地段、地號、日期/價格,/dataset/12365
高雄市燕巢區農業使用證明申請書,農業使用證明申請書,/dataset/yanchao6
105年高雄市辦理土地徵收情形統計,高雄市辦理土地徵收情形統計,/dataset/105aa
高雄市燕巢區民眾活動中心及壘球場場地使用申請書,高雄市燕巢區民眾活動中心及壘球場場地使用申請書,/dataset/yanchao5
105年高雄市公地撥用統計表,高雄市公地撥用統計,/dataset/1050301
即將屆滿15年未受領保管款歸屬國庫清冊,即將屆滿15年未受領保管款歸屬國庫清冊,/dataset/150424
高雄市燕巢區都市計畫土地使用分區證明申請書,高雄市都市計畫土地使用分區證明申請書,/dataset/yanchao3
106年高雄市燕巢區避難收容處所一覽表,106年高雄市燕巢區避難收容處所一覽表,/dataset/yanchao4
高雄市小港區公所國防部聯合後勤司令部油、彈庫睦鄰工作捐助款業務資訊,高雄市小港區公所國防部聯合後勤司令部油、彈庫睦鄰工作捐助款業務資訊,/dataset/hdao035
高雄市小港區公所免費法律諮詢,免費法律諮詢服務•服務內容：限於法律問題之諮詢解說•諮詢時間：每週星期一下午2點 ~4點•諮詢方式：現場面洽諮詢，不提供預約。•諮詢地點：本所4樓會議室 （高雄市小港區小港路158號4F）,/dataset/hdao-law
103年高雄市不同權屬土地筆數統計,提供高雄市不同權屬土地筆數統計(103年),/dataset/different-land-tenure-items103
103年高雄市不同權屬土地面積統計表,提供高雄市不同權屬土地面積統計表(103年),/dataset/different-owner-land103
104年高雄市不動產拍賣統計,提供104年高雄市不動產拍賣統計,/dataset/104real-estate-auctions
高雄市燕巢區公所106年度施政計畫,高雄市燕巢區公所106年度施政計畫,/dataset/yanchao-1
社福常用表單,特殊境遇家庭、馬上關懷急難救助等各項補助申請書表,/dataset/tianliao7
弱勢家庭醫療、看護費用補助相關表格,弱勢家庭醫療、看護費用補助相關表格,/dataset/tianliao6
高雄市田寮區公所106年度施政計畫,高雄市田寮區公所106年度施政計畫,/dataset/tianliao
高雄市田寮區避難收容處所名冊,高雄市田寮區避難收容處所名冊,/dataset/tianliao3
身障輔具相關表格,身障輔具相關表格,/dataset/tianliao5
高雄市甲仙區( 106年度 )颱風豪雨期間開放車輛臨時停放處所,高雄市甲仙區( 106年度 )颱風豪雨期間開放車輛臨時停放處所,/dataset/http-www-jiashian-gov-tw-websites-www-jiashian-gov-tw-upload-upimage-filemanager-files-152-pdf
高雄市甲仙區公所106年度提升服務執行計畫,高雄市甲仙區公所106年度提升服務執行計畫,/dataset/http-www-jiashian-gov-tw-lib-getfile-php-fil-guid-945a86d6-63ae-ea06-a777-007a363eba07
高雄市甲仙區公所106年度施政計畫,高雄市甲仙區公所106年度施政計畫,/dataset/jiashian-gov-tw-lib-getfile-php-fil-guid-9fbe6727-a7c3-45ca-fe44-c1acb33e050b
主計處資料盤點表,主計處資料盤點表,/dataset/dbaskmg-list-info
阿蓮區公所資料盤點表,阿蓮區公所資料盤點表,/dataset/alian-list-info
106年高雄市土地筆數面積公告土地現值統計,106年高雄市土地筆數面積公告土地現值統計,/dataset/106aaq1
106年公告土地現值及公告地價漲跌幅一覽表,106年公告土地現值_公告地價漲跌幅一覽,/dataset/106a1
106年高雄市土地公告現值,高雄市土地公告現值(106年),/dataset/1060112
105年高雄市土地公告現值及公告地價,105年提供高雄市土地公告現值及公告地價,/dataset/land-value-premium105
104年高雄市土地公告現值,高雄市土地公告現值(104年),/dataset/104-land-value-announcement
104年高雄市不同權屬土地面積統計,高雄市不同權屬土地面積統計表,/dataset/104kao01
104年高雄市公有土地面積統計,高雄市公有土地面積統計,/dataset/104kao05
103年高雄市公有土地面積統計表,提供高雄市公有土地面積統計表,/dataset/public-land-area
104年高雄市公有土地筆數統計,高雄市公有土地筆數統計表,/dataset/104kap04
103年高雄市公有土地筆數統計表,提供高雄市公有土地筆數統計表(103年),/dataset/103crown-land-statistics
104年高雄市不同權屬土地筆數統計,高雄市不同權屬土地筆數統計,/dataset/104dwdw
105年高雄市不動產買賣統計,105年高雄市不動產買賣統計,/dataset/105kaohs
高雄市水產動物疾病檢驗站資訊一覽表,水產動物疾病檢驗站,/dataset/aquatic-animal-disease
104年高雄市建物第一次登記統計,提供104年高雄市建物第一次登記統計,/dataset/first-built-registration104
104年高雄市土地及建物登記管理,提供104年高雄市土地及建物登記管理,/dataset/104land-building-register
105年高雄市土地及建物登記管理,高雄市土地及建物登記管理,/dataset/105kao06
105年度高雄市徵解地政規費,105年度高雄市徵解地政規費,/dataset/105
104年高雄市解徵地政規費,提供104年高雄市解徵地政規費,/dataset/104-cancel-levy-land
104年高雄市不動產抵押權設定統計,提供104年高雄市不動產抵押權設定統計,/dataset/104real-estate-statistics
105年高雄市外國人地權登記管理,說明所有權取得、移轉及他項權利登記,/dataset/105registration-of-land-right-obtained-by-foreigner
104年高雄市外國人地權登記管理,提供104年高雄市外國人地權登記管理,/dataset/104registration-of-land-right-obtained-by-foreigner
105年高雄市完成設立備查之不動產經紀業,每月統計高雄市完成設立備查之不動產經紀業者,/dataset/105-datasetof-housingsell
高雄市地政事務所轄區圖,提供高雄市地政事務所轄區圖,/dataset/lands-office-area-figure
高雄市地政事務所位置圖,提供高雄市地政事務所位置圖,/dataset/lands-office-location-map
勞工教育生活中心資料盤點表,勞工教育生活中心開放資料盤點表,/dataset/rec-list-info
高雄市31層以上超高大樓房屋標準單價表,提供高雄市31層以上超高大樓房屋標準單價表,/dataset/skyscrapers-standard-price
多元繳稅方式件數統計,提供多元繳稅方式件數統計,/dataset/multiple-way-tax-statistics
本處代發他縣市稅捐機關作業統計,提供本處代發他縣市稅捐機關作業統計,/dataset/substitute-other-counties-count-levy-taxes
他縣市稅捐機關代發本市資料統計,提供他縣市稅捐機關代發本市資料統計,/dataset/other-counties-count-substitute-levy-taxes
99年高雄市(原)地價稅累進起點地價及課稅級距表,提供99年高雄市(原)地價稅累進起點地價及課稅級距表,/dataset/99land-value-tax-starting-point-taxable-income-brackets
高雄市102年地價稅累進起點地價及課稅級距表,提供高雄市102年地價稅累進起點地價及課稅級距表,/dataset/102land-value-tax-starting-point-taxable-income-brackets
高雄市105年地價稅累進起點地價及課稅級距表,提供高雄市105年地價稅累進起點地價及課稅級距表,/dataset/105land-value-tax-starting-point-taxable-income-brackets
100年高雄市一般房屋標準單價表-甲表,提供100年高雄市一般房屋標準單價表-甲表,/dataset/buildings-standard-price-part1
100年高雄市一般房屋標準單價表-乙表,提供100年高雄市一般房屋標準單價表-乙表,/dataset/buildings-standard-price-part2
高雄市房屋路線地段等級調整率,提供高雄市房屋路線地段等級調整率,/dataset/location-classification-regulation
行政救濟案件統計,提供行政救濟案件統計,/dataset/statistical-administrative-remedy
高雄市稅捐稽徵處聯絡資訊,提供高雄市稅捐稽徵處聯絡資訊,/dataset/revenue-service-office-communication
高雄市政府-污水處理廠,高雄市政府於大高雄地區各地建置污水處理廠(含中區污水處理廠、鳳山溪污水處理廠、大樹污水處理廠、楠梓污水處理廠、旗美污水處理廠)，以淨化水源，並確保水資源循環使用。,/dataset/plant
高雄市地方型SBIR歷屆執行計畫一覽表,提供高雄市地方型SBIR歷屆執行計畫一覽表,/dataset/sbir-plan
高雄觀光工廠名單,提供高雄觀光工廠名單,/dataset/things-to-plant-list
106年高雄市因應各項災害避難收容處所一覽表,106年高雄市因應各項災害避難收容處所一覽表,/dataset/hdao07
天然氣瓦斯供氣戶數(104年8月),提供天然氣瓦斯供氣戶數(104年8月),/dataset/104-8households-supply
高雄市自來水管承裝商,提供高雄市自來水管承裝商,/dataset/water-pipe-holds-suppliers
高雄市電器承裝業登記清冊,提供高雄市電器承裝業登記清冊,/dataset/electric-holds-industry
高雄市用電設備檢驗維護業登記清冊,提供高雄市用電設備檢驗維護業登記清冊,/dataset/electrical-equipment-inspection
高雄市天然氣導管承裝商清冊,提供高雄市天然氣導管承裝商清冊,/dataset/natural-gas-holds
高雄市工業管線查詢系統,高雄市工業管線查詢系統,/dataset/industrial-piping-inquiry
高雄市勞工月刊(105年起),高雄市勞工月刊1月號,/dataset/10501
高雄市小港區公所高雄國際航空站機場回饋金業務資訊,高雄市小港區公所高雄國際航空站機場回饋金業務資訊,/dataset/hdao036
高雄市動物保護處動物收容情形看板,提供高雄市動物保護處動物收容情形看板,/dataset/conservation-animal-shelter
高雄市獸醫診療機構開業查詢,提供高雄市獸醫診療機構開業查詢,/dataset/veterinary-start-business-inquiry
高雄市獸醫師執業執照查詢,提供高雄市獸醫師執業執照查詢,/dataset/veterinarian-licence-to-practice-inquiry
高雄市獸醫佐執業執照查詢,提供高雄市獸醫佐執業執照查詢,/dataset/inquiry-veterinarian-licence-to-practice
高雄市特定寵物業清冊,提供高雄市特定寵物業清冊,/dataset/pet-industry
高雄市小港區104年度基本資料表,提供高雄市小港區104年度每月基本資料表,/dataset/hdao013
105年高雄市寵物登記站簽約動物醫院,提供105年高雄市寵物登記站簽約動物醫院,/dataset/pet-registration-stations-animal-hospital
高雄市犬貓絕育補助合約獸醫診療機構名冊,高雄市犬貓絕育補助合約獸醫診療機構名冊,/dataset/dog-cat-sterilization
為毛小孩找一個家公益櫥窗計畫合作店家目錄,提供為毛小孩找一個家公益櫥窗計畫合作店家目錄,/dataset/pet-public-interest-store
禽流感應變措施,提供禽流感應變措施,/dataset/avian-influenza-contingency-measures
動物狂犬病預防注射站名冊,提供動物狂犬病預防注射站名冊,/dataset/rabies-vaccination-stop
高雄市小港區105年度基本資料表,提供高雄市小港區105年度各月基本資料表,/dataset/hdao014
高雄市小港區106年度基本資料表,提供高雄市小港區106年度每月基本資料表,/dataset/hdao015
高雄市小港區公所年度施政計畫,提供高雄市小港區公所各年度施政計畫,/dataset/hdao012
高雄市小港區公所電話一覽表,高雄市小港區公所電話一覽表,/dataset/hdao03
高雄市漁會及會員數,高雄市漁會及會員數,/dataset/fisherman-member
高雄市小港區公所回饋金資訊,提供高雄市小港區各項回饋金資訊,/dataset/hdao06
高雄市小港區公所民政業務表單,提供高雄市小港區公所民政業務相關表單,/dataset/hdao016
高雄市小港區公所組織與職掌,高雄市小港區公所組織與職掌,/dataset/hdao05
高雄捷運(輕軌)費率及相關優惠,提供高雄捷運(輕軌)費率及相關優惠,/dataset/department-of-transportation19
高雄市小港區公所經建業務表單,提供高雄市小港區公所經建業務相關表單,/dataset/hdao21
高雄市小港區公所提升服務品質計畫,提供高雄市小港區公所各年度提升服務品質計畫,/dataset/hdao011
高雄捷運及輕軌運量統計,提供高雄捷運及輕軌運量統計,/dataset/department-of-transportation20
高雄市處理違反大眾捷運法第50條及50-1條事件概況表,提供高雄市處理違反大眾捷運法第50條及50-1條事件概況表,/dataset/department-of-transportation22
高雄市小港區公所健保業務表單,提供高雄市小港區公所健保業務相關表單,/dataset/hdao024
高雄市小港區公所調解業務表單,提供高雄市小港區公所調解業務相關表單,/dataset/hdao025
高雄市小港區公所兵役業務表單,提供高雄市小港區公所兵役業務相關表單,/dataset/hdao023
高雄市小港區公所社會業務表單,提供高雄市小港區公所社會業務相關表單,/dataset/hdao022
高雄市小港區公所鄰長芳名錄,提供高雄市小港區公所鄰長芳名錄,/dataset/hado031
高雄市小港區公所臨海工業區污水處理廠回饋金業務資訊,高雄市小港區公所臨海工業區污水處理廠回饋金業務資訊,/dataset/hado038
高雄市小港區公所鳳山水庫水源保育回饋金業務資訊,高雄市小港區公所鳳山水庫水源保育回饋金業務資訊,/dataset/hado037
愛河水域收費標準,提供愛河水域收費標準,/dataset/department-of-transportation23
高雄市民宿資料,提供高雄市民宿資料,/dataset/bab-profile
高雄市一般旅館資料,提供高雄市一般旅館資料,/dataset/general-hotel-info
高雄市仁武區登革熱防治宣導說明會辦理時間表,宣導登革熱防治觀念,/dataset/time
高雄旅遊網-景點資料,高雄旅遊網-景點資料,/dataset/attractions-information
高雄旅遊網-活動資料,提供高雄旅遊網-活動資料,/dataset/activity-data
高雄市小港區公所台灣電力公司發電年度協助金業務資訊,高雄市小港區公所台灣電力公司發電年度協助金業務資訊,/dataset/hdao034
計程車費率比較表,提供計程車費率比較表,/dataset/department-of-transportation24
高雄市空氣品質淨化區定位資訊,提供高雄市空氣品質淨化區定位資訊,/dataset/air-purification-area
高雄市小港區公所南區資源回收廠回饋金業務資訊,提供高雄市小港區公所南區資源回收廠回饋金業務資訊,/dataset/hdao026
高雄市仁武區國中小學區劃分,仁武區國中小學區里別劃分,/dataset/areas
高雄市仁武區公所提升服務品質執行計畫,服務品質執行計畫,/dataset/service
高雄市議會第２屆議員選舉第１１選舉區（大寮區、林園區）開票統計結果,高雄市議會第２屆議員選舉第１１選舉區（大寮區、林園區）開票統計結果,/dataset/daliaomp
高雄市小港區公所台灣中油股份有限公司大林煉油廠睦鄰經費業務資訊,高雄市小港區公所台灣中油股份有限公司大林煉油廠睦鄰經費業務資訊,/dataset/hado032
高雄市小港區公所基層建設小型工程,提供高雄市小港區公所基層建設小型工程.,/dataset/hdao030
高雄市小港區行政區域圖,高雄市小港區行政區域圖,/dataset/hado10
高雄綠豆椪得獎店家名單,提供高雄綠豆椪得獎店家名單,/dataset/mung-bean-peng-winner-stores
大樹區公所106年度施政計畫,大樹區公所106年度施政計畫,/dataset/dashu
高雄仁武區公所年度施政計畫,區政建設需求編訂,/dataset/plan
南區資源回收場回饋金收支情形,南區資源回收場回饋金收支情形 ,/dataset/daliaowastedisposal
106年度大寮區公所單位預決算,106年度單位預決算,/dataset/106daliaobudget
大寮區各里鄰長通訊錄,大寮區各里鄰長通訊錄,/dataset/the-head-of-a-basic-community-unit
105年12月現有員額表,105年12月現有員額,/dataset/105-12daliaostaffs
106年大寮區國小學區劃分,106年大寮區國小學區劃分,/dataset/106daliaoschool-district
105年大寮區立案宗教團體,大寮區立案宗教團體,/dataset/daliao-temple
大寮區樂齡學習中心課程,大寮區樂齡學習中心4-6月課程,/dataset/4-6-daliaoprogramme
105年度高雄市大寮區役男出境及逾期不歸人數統計表,105年度高雄市大寮區役男出境及逾期不歸人數統計表,/dataset/105daliaoexit
105年度高雄市大寮區兵役列管人數統計表,105年度高雄市大寮區兵役列管人數統計表,/dataset/105daliaomilitary-service
高雄市第２屆市長選舉大寮區開票統計結果,２屆市長選舉大寮區開票統計結果,/dataset/daliao-mayorvote
第14任總統副總統選舉大寮區開票統計結果,第14任總統副總統選舉大寮區開票統計結果,/dataset/14daliaopresidentvoite
免費法律諮詢服務,免費法律諮詢服務,/dataset/daliao-lawyerserve
106年大寮區基本資料,106年大寮區基本資料,/dataset/106daliaobase
高雄市合法酒製造業者資料,提供高雄市合法酒製造業者資料,/dataset/legal-liquor-manufacturer
高雄市綠色友善餐廳,提供高雄市綠色友善餐廳電話及地址,/dataset/green
高雄市仁武區里活動中心資訊,提供民眾休閒娛樂場所，作為舉辦各項講座活動、文藝活動及會議場所。 ,/dataset/activities
捷運動態資料之站代號及站名稱對照表,"主鍵,英交名稱,代碼,中文名稱,英交名稱,",/dataset/department-of-transportation29
高雄捷運每日暨每月運量統計資料連結(高雄捷運公司官網),提供高雄捷運每日暨每月運量統計資料連結(高雄捷運公司官網),/dataset/department-of-transportation28
高雄市家畜禽屠宰場名冊,高雄市家畜禽屠宰場名冊,/dataset/slaughterhouses
高雄市自行車路線,提供高雄市自行車路線圖資,/dataset/bicycle-routes
105年高雄市建物第一次登記統計,105年高雄市建物第一次登記統計,/dataset/first-built-registration105
105年高雄市不動產拍賣統計,高雄市不動產拍賣統計,/dataset/105opdata
高雄市小港區公所回饋金收支明細,提供高雄市小港區各年度回饋金收支明細,/dataset/hdao01
高雄市小港區小港區里長名錄,高雄市小港區小港區里長名錄,/dataset/hdao08
公務人員協會年度各項活動訊息,提供公務人員協會年度各項活動訊息,/dataset/servant-annual-activity-information
性別主流化統計數據,提供性別主流化統計數據,/dataset/gender-mainstreaming-statistical-data
各機關組織規程暨編制表、分層負責明細表法規資訊,提供各機關組織規程暨編制表、分層負責明細表法規資訊,/dataset/organizational-rules-of-organs
高雄市政府歷年補助本市公教退休人員協會活動經費表,提供高雄市政府歷年補助本市公教退休人員協會活動經費表,/dataset/superannuated-servant-acost-estimatesaa
高雄市政府暨所屬機關學校100年度至105年度退休公教員工統計表,高雄市政府暨所屬機關學校100年度至105年度退休公教員工統計表,/dataset/retiredata
升官等訓練人員通過比率,提供升官等訓練人員通過比率,/dataset/staff-training-pass-ratio
本市歷次發布天然災害停止上班上課相關訊息一覽表,提供本市歷次發布天然災害停止上班上課相關訊息一覽表,/dataset/natural-disasters-previous-record-day-off
港都e學苑數位學習網路課程單,提供港都e學苑數位學習網路課程單,/dataset/e-learning-academe-online-course-inventory
港都e學苑課程數及時數統計,各學苑數位課程門數及時數統計,/dataset/elearning
高雄市政府公務人力發展計畫,提供高雄市政府公務人力發展計畫,/dataset/human-development-plan
高雄市公務人力最近5年訓練人次統計分析,高雄市公務人力最近5年訓練人次統計分析,/dataset/csdi
員工協助方案統計數據,提供員工協助方案統計數據,/dataset/employee-assistance-program-statistical-data
高雄市政府現有社團及輔導機關一覽表,高雄市政府現有社團及輔導機關一覽表,/dataset/chinese
高雄市政府「繁星好康」特約店家優惠資訊一覽表,提供高雄市政府「繁星好康」特約店家優惠資訊一覽表,/dataset/appointed-store-special-offers
105年度428活動 - 職場安全健康論壇簡報資料,105年度428活動 - 職場安全健康論壇簡報資料,/dataset/428
106年度428活動 - 職場安全健康論壇簡報資料,106年度428活動 - 職場安全健康論壇簡報資料,/dataset/106-427-2
高雄市道路挖掘資訊,高雄市道路挖掘資訊,/dataset/pipegis-info
105年殯葬管理處空氣污染物連續自動監測設施(CEMS),105年殯葬管理處火化場煙囪監測資料參考資料：空氣污染物項目代碼表(CEMS)  ,/dataset/105-mso-cems
永安區阿公店溪海堤路新建工程,提供永安區阿公店溪海堤路新建工程,/dataset/haitilu-project
林園公(兒)8-3周邊道路開闢工程,提供林園公(兒)8-3周邊道路開闢工程,/dataset/8-3-project
林園王公路216巷27弄打通工程,提供林園王公路216巷27弄打通工程,/dataset/wangonlu216-project
鼓山區新疆路9巷向南延伸至西藏街開闢工程,提供鼓山區新疆路9巷向南延伸至西藏街開闢工程,/dataset/gushan-9-south
楠梓區大學20街168巷打通工程,提供楠梓區大學20街168巷打通工程,/dataset/nanzih-20-168
彌陀區中正南路1巷18弄打通工程徵收計畫書圖,提供彌陀區中正南路1巷18弄打通工程徵收計畫書圖,/dataset/mituo-1-18-chung-cheng-nan
國道十號燕巢交流道延伸至高46線銜接186甲道路工程,提供國道十號燕巢交流道延伸至高46線銜接186甲道路工程,/dataset/yanchao-interchange46-186
那瑪夏區瑪星哈蘭人行景觀橋新建工程,提供那瑪夏區瑪星哈蘭人行景觀橋新建工程,/dataset/namaxia-pedestrian-bridge
林園汕尾北汕二路拓寬工程徵收計畫書圖,提供林園汕尾北汕二路拓寬工程徵收計畫書圖,/dataset/linyuan-widening-project
林園東林西路拓寬工程補辦徵收計畫書圖,提供林園東林西路拓寬工程補辦徵收計畫書圖,/dataset/linyuan-tung-lin-hsi-road
已調查設施數量統計,提供已調查設施數量統計,/dataset/facilities-has-investigated
楠梓9-179號道路開闢工程徵收計畫書圖,提供楠梓9-179號道路開闢工程徵收計畫書圖,/dataset/nantz-9-179
工務局養護工程處養護公園資訊,工務局養護工程處養護公園資訊,/dataset/opendatapark
茄萣區茄萣路二段(濱海路四段以南)道路拓寬工程,提供茄萣區茄萣路二段(濱海路四段以南)道路拓寬工程,/dataset/qieding-chia-ting-road
大寮鳳屏二路362巷打通工程,提供大寮鳳屏二路362巷打通工程,/dataset/daliao-362-project
彌陀區中正路9巷開闢工程,提供彌陀區中正路9巷開闢工程,/dataset/mituo-chung-cheng9
路竹區高11線拓寬工程,提供路竹區高11線拓寬工程,/dataset/lujhu-11
橋頭區高36-2線甲樹路道路拓寬工程(1k+100~2k+900),提供橋頭區高36-2線甲樹路道路拓寬工程(1k+100~2k+900),/dataset/ciaotou-36-2-widening-project
鳳山區文仁街打通工程,提供鳳山區文仁街打通工程,/dataset/fengshan-wunren
田寮高138道路拓寬工程徵收計畫書圖,提供田寮高138道路拓寬工程徵收計畫書圖,/dataset/tianliao-138-road
大社區公兒4南側計畫道路開闢工程徵收計畫書圖,提供大社區公兒4南側計畫道路開闢工程徵收計畫書圖,/dataset/children-4-south-road-project
高雄市民營路外停車場一覽表,高雄市民營路外停車場一覽表,/dataset/private-parking-area
高雄市現有視障按摩據點,高雄市現有視障按摩據點,/dataset/massage-office
高雄市小港區公所大林蒲灰渣衛生掩埋場回饋金業務資訊,提供高雄市小港區公所大林蒲灰渣衛生掩埋場回饋金資訊,/dataset/hdao027
高雄市小港區公所回饋金工程施作明細,提供高雄市小港區各年度回饋金工程施作明細,/dataset/hdao02
高雄市地政事務所坐標資訊,提供 高雄市地政事務所坐標資訊,/dataset/lands-office-coordinate-information
高雄市土地段名代碼表,提供高雄市土地段名代碼表,/dataset/land-code-table105
底棲生物數據分析,提供底棲生物數據分析,/dataset/benthos-analysis-of-data
海域水文監測,提供海域水文監測,/dataset/sea-hydrological-monitoring
海域水質監測,提供海域水質監測,/dataset/water-quality-monitoring
海域底質監測,提供海域底質監測,/dataset/sea-sediment-monitoring
浮游動物調查,提供浮游動物調查,/dataset/plankton-survey
浮游植物調查,提供浮游植物調查,/dataset/phytoplankton-survey
高雄市水產加工產品證明標章,提供高雄市水產加工產品證明標章,/dataset/fishery-operation
高雄市水產加工產品證明標章業者名單,提供高雄市水產加工產品證明標章業者名單,/dataset/aquaculture-processed-products-examination-guidelines-on-certification-marks
高雄市第二屆調解委員名冊,提供高雄市第二屆調解委員名冊，包含區域代碼、區別、應聘名額、審查通過名單等資料,/dataset/members-linpin-qualification
本區106年基本資料表,本區106年每月基本資料,/dataset/data
年度查核成果成績,提供年度查核成果統計(年度成績),/dataset/103-check-result
全民督工相關統計資料,提供全民督工相關統計資料,/dataset/public-supervise-103
高雄市替代役備役列管人數,提供高雄市替代役備役列管人數,/dataset/alternative-service-tube
高雄市殯葬禮儀服務業許可核准一覽表,提供高雄市殯葬禮儀服務業許可核准一覽表，包含殯葬禮儀服務業者名稱、地址、文號、地址、電話等資料,/dataset/kaohsiung-funeral-services
外縣市殯葬禮儀服務業備查核准一覽表,提供外縣市殯葬禮儀服務業備查核准一覽表，包含殯葬禮儀服務業者名稱、地址、文號、地址、電話等資料,/dataset/funeral-services
里長名冊,提供里長名冊資訊，包含區名、里名、里長姓名、聯絡地址、電話及黨籍等資料,/dataset/hometown-official
里活動中心,提供里活動中心資訊，包含里活動中心區別、名稱、地址、座落地號、坐標等資料,/dataset/actcenter
高雄市殯葬禮儀服務業備查核准一覽表,提供高雄市殯葬禮儀服務業備查核准一覽表，包含殯葬禮儀服務業者名稱、地址、文號、地址、電話等資料,/dataset/approved-funeral-services
戶政事務所坐標資訊,提供戶政事務所坐標資訊，包含戶政事務所名稱、地址、電話、Email、坐標及網址等資料,/dataset/householdsites
高雄市役男徵兵檢查人數統計表,提供高雄市役男徵兵檢查人數統計表,/dataset/draftees-conscription
高雄市役男出境及逾期不歸人數,高雄市役男出境及逾期不歸人數,/dataset/draftee-exit-overdue104-7-12
各新兵訓練中心郵政信箱及連絡電話,新兵訓練中心郵政信箱及連絡電話,/dataset/training-center
特優暨資深里長表揚名冊,本市特優暨資深里長表揚名冊,/dataset/chiefofvillage
民政局執行台電公司促協金經費一覽表,民政局執行台電公司促協金經費一覽表,/dataset/taipower
里長福利互助收支一覽表,里長福利互助收支一覽表,/dataset/welfare-chiefofvillage
高雄市公立殯儀館收費標準,高雄市公立殯儀館收費標準,/dataset/funeral-home-fees
高雄市公立骨灰(骸)存放設施收費標準,高雄市公立骨灰(骸)存放設施收費標準,/dataset/bone-ash-fees
高雄市公立公墓收費標準,高雄市公立公墓收費標準,/dataset/cemetery-fees
高雄市公立火化場使用收費標準,高雄市公立火化場使用收費標準,/dataset/crematorium-fees
道路地名英譯,提供道路地名英譯,/dataset/road-toponym-translation
高雄市政府年度施政績效成果報告,提供高雄市政府年度施政績效成果報告,/dataset/results-fruitful-results
公務出國報告,提供公務出國報告,/dataset/abroad-on-business
105年高雄市政府1999話務中心客服人員滿意度指標,提供105年高雄市政府1999話務中心客服人員滿意度指標,/dataset/1999-satisfaction105
105年高雄市政府1999話務中心派工受理前三名機關統計表,提供105年高雄市政府1999話務中心派工受理前三名機關統計表,/dataset/1999-105
104年高雄市政府1999話務中心客服人員滿意度指標,提供104年各月高雄市政府1999話務中心客服人員滿意度指標,/dataset/104-1999-customer-satisfaction
高雄市政府中程施政計畫目標體系,提供高雄市政府中程施政計畫,/dataset/medium-range-administration
104年高雄市政府1999話務中心派工受理前三名機關統計表,提供104年各月高雄市政府1999話務中心派工受理前三名機關統計表,/dataset/104-1999-assign-top3org
104年高雄市政府1999話務中心服務量趨勢圖,提供104年各月高雄市政府1999話務中心服務量趨勢圖,/dataset/104-1999
104年列管計畫進度,提供104年列管計畫進度(月底統計),/dataset/104
104年公文時效統計,提供104年公文時效統計,/dataset/104-document-time
政府服務品質獎,政府服務品質獎1-8屆得獎名單,/dataset/servicegov
高雄市政府所屬各機關106年度施政計畫列管案件總表,提供高雄市政府所屬各機關106年度施政計畫列管案件總表,/dataset/106-administration-case-total
高雄市政府年度施政計畫目標體系,提供高雄市政府年度施政計畫,/dataset/administration-plan-104y
高雄市政府整體計畫實施性別影響評估案件一覽表,提供高雄市政府整體計畫實施性別影響評估案件一覽表,/dataset/estimate-committee-propose
高雄市小港區公所最新消息,提供小港區相關最新消息,/dataset/news
大社區第2屆里長通訊錄總表,此表包含高雄市大社區第2屆里長姓名、里辦公處電話及地址等,/dataset/village1
高雄市大社區公所105年度決算表,"105年度預算經完成法定程序後,由本所據以執行或收支，於年度終了時編造「決算」,以顯現本所預算執行之情形,以供民眾瞭解。",/dataset/105final
105年度高雄市大社區仁武垃圾焚化廠營運回饋金支出明細表,大社區公所執行仁武垃圾焚化廠回饋金運用情形,/dataset/105money1
高雄市大社區已登記宗教場所名冊,大社區截至106年3月止各宗教寺廟名冊,/dataset/dashetemple
高雄市大社區因應各項災害避難收容處所一覽表,大社區因應各項災害，如水災、地震等災害，查調本區各里可避難收容場所(截至105年12月9日止)、收容人數等,/dataset/dashedisastrous
高雄市大社區里活動中心資訊,為本區各里居民集會暨舉辦各項文康育樂休閒等活動之場所,/dataset/dasheactivities
105年度仁大工業區敦親睦鄰回饋金明細表,大社區105年度執行仁大工業區敦親睦鄰回饋金各種項目用途、金額等,/dataset/105money
大社區104年度執行仁大工業區敦親睦鄰回饋金明細表,大社區公所執行104年度仁大工業區敦親睦鄰回饋金項目及明細,/dataset/104money
高雄市大社區行政區域圖,包含大社區各里、各街道、各國中小、各行政機關、各公園綠地等名稱及標示。,/dataset/dashemap
高雄市大社區關懷據點資料,大社區計有中里、觀音等3個社區成立社區照顧關懷據點，落實在地的初級預防照護服務並就近提供長輩休閒娛樂功能，使家屬可安心的讓長輩到據點開心學習。,/dataset/dasheoldcarebase
高雄市旗山區里長通訊錄,高雄市旗山區第2屆里長通訊錄,/dataset/addressbook
本區里活動中心資料,里活動中心基本資料,/dataset/neighborhood
本區災害避難收容處所資料,旗山區因應各項災害避難收容處所一覽表,/dataset/refuge
回饋金執行情形,105年度污水處理廠地方回饋金,/dataset/funds
左營區基本資料表,左營區基本資料表,/dataset/zuoying1
左營區公所施政計畫,左營區公所施政計畫,/dataset/zuoying2
防災專區,左營區公所防災專區，提供防災相關資訊,/dataset/zuoying5
主動公開資訊,左營區公所主動公開資訊,/dataset/zuoying4
常用表單下載,常用申請表單下載,/dataset/zuoying3
左營區行政區域圖,左營區行政區域圖,/dataset/zuoying6
本區各項農業資料,本區各項農業統計資料,/dataset/agricultural-data
左營區各里資訊,左營區各里資訊,/dataset/zuoying7
左營區運動導覽圖,左營區運動地圖,/dataset/zuoying9
左營區公車路線,左營區公車路線相關資訊,/dataset/zuoying10
左營區學區劃分,左營區學區劃分資訊,/dataset/zuoying8
旗山區寺廟資料,旗山區寺廟基本資料,/dataset/temple
社區發展協會通訊錄,社區發展協會通訊錄,/dataset/addressbook2
本區社區關懷據點資料,本區社區關懷據點資料,/dataset/communitydata
本所組織架構及課室業務職掌,本所組織架構及課室業務職掌,/dataset/organization
高雄市優良鹿場名冊,高雄市優良鹿場名冊,/dataset/excellent-deer
高雄市容積移轉捷運紅線半徑800M接受基地範圍圖,高雄市容積移轉捷運紅線半徑800M接受基地範圍圖之TWD97坐標向量數值圖檔(SHP),/dataset/urbanshp201704000008
高雄市容積移轉交通轉運中心半徑400M接受基地範圍圖,高雄市容積移轉交通轉運中心半徑400M接受基地範圍圖之TWD97坐標向量數值圖檔(SHP),/dataset/urbanshp201704000006
高雄市容積移轉台鐵捷運化半徑400M接受基地範圍圖,高雄市容積移轉台鐵捷運化半徑400M接受基地範圍圖之TWD97坐標向量數值圖檔(SHP),/dataset/urbanshp201704000003
高雄市容積移轉台鐵捷運化半徑800M接受基地範圍圖,高雄市容積移轉台鐵捷運化半徑800M接受基地範圍圖之TWD97坐標向量數值圖檔(SHP),/dataset/urbanshp201704000007
高雄市容積移轉捷運橘線半徑400M接受基地範圍圖,高雄市容積移轉捷運橘線半徑400M接受基地範圍圖之TWD97坐標向量數值圖檔(SHP),/dataset/urbanshp201704000005
高雄市容積移轉捷運橘線半徑800M接受基地範圍圖,高雄市容積移轉捷運橘線半徑800M接受基地範圍圖之TWD97坐標向量數值圖檔(SHP),/dataset/urbanshp201704000009
高雄市容積移轉捷運紅線半徑400M接受基地範圍圖,高雄市容積移轉捷運紅線半徑400M接受基地範圍圖之TWD97坐標向量數值圖檔(SHP),/dataset/urbanshp201704000004
高雄市急救責任醫院分級與急診、AMI、CVA處置時段清冊,高雄市急救責任醫院分級與急診、AMI、CVA處置時段清冊,/dataset/ami-cva
消防局12導程心電圖機配置清冊,提供高雄市政府消防局12導程心電圖機配置清冊,/dataset/12-lead-ecg
消防車裝備捐贈芳名錄,提供消防車裝備捐贈芳名錄,/dataset/equipment-donated-directory
消防局建議需劃設消防通道搶救困難地區資料,消防局建議需劃設消防通道搶救困難地區資料,/dataset/designation-of-fire-exits-area
高雄市消防安全檢查重大不合格場所一覽表,提供高雄市消防安全檢查重大不合格場所一覽表,/dataset/check-failure-place
高雄市消防栓位置(地下),高雄市消防栓位置(地下),/dataset/fire-hydrant
高雄市滅火器換藥及充填作業許可合格廠商,提供高雄市滅火器換藥及充填作業許可合格廠商,/dataset/fire-extinguisher
消防局公布危險水域地點及曾發生溺水事故地點,提供高雄市政府消防局公布危險水域地點及曾發生溺水事故地點,/dataset/dangerous-waters-location
高雄市消防栓位置(地上),高雄市消防栓位置(地上),/dataset/fire-hydrant-up
消防局81石化氣爆案消防局接受捐款明細,消防局81石化氣爆案消防局接受捐款明細,/dataset/1060420014
高雄市鳥松區106年度提升服務執行計畫,高雄市鳥松區106年度提升服務執行計畫,/dataset/niaosong106
高雄市容積移轉交通轉運中心半徑800M接受基地範圍圖,高雄市容積移轉交通轉運中心半徑800M接受基地範圍圖之TWD97坐標向量數值圖檔(SHP),/dataset/urbanshp201704000010
高雄市容積移轉都計書指定接受基地範圍圖,高雄市容積移轉依都市計畫書規定得為接受基地範圍圖之TWD97坐標向量數值圖檔(SHP),/dataset/urbanshp201704000011
高雄市容積移轉面臨10公頃以上已開闢公園用地接受基地範圍圖,高雄市容積移轉面臨10公頃以上已開闢公園用地的接受基地範圍圖之TWD97坐標向量數值圖檔(SHP),/dataset/urbanshp201704000012
高雄捷運路線基本資料,服務流水號   MRT_003應用類型    捷運服務名稱    高雄捷運路線基本資料服務英文名稱服務提供方式  被動取得服務介接說明頁面網址  http://ptx.transportdata.tw/MOTC/#!/MetroApi/MetroApi_Line服務介接網址...,/dataset/mrt-003
高雄捷運路線車站基本資料,服務流水號   MRT_007應用類型    捷運服務名稱    高雄捷運路線車站基本資料服務英文名稱服務提供方式  被動取得服務介接說明頁面網址  http://ptx.transportdata.tw/MOTC/#!/MetroApi/MetroApi_StationOfLine服務介接網址...,/dataset/mrt-007
高雄市柴油車輛管理資訊,高雄市柴油車管制推動相關資料,/dataset/diesel_vehicle_self_management
高雄市一般空氣品質測站監測統計資料,高雄市一般空氣品質測站監測統計資料,/dataset/air_monitor_station_data
高雄市室內空氣品質管理現況,高雄市室內空氣品質管理現況，提供列管場所清單,/dataset/iaq
高雄市10大易肇事路段肇因分析表,高雄市10大易肇事路段肇因分析表,/dataset/top10-1
高雄市10大易肇事路口肇因分析表,高雄市10大易肇事入口肇因分析表,/dataset/top10
高雄市取締酒駕情形,高雄市取締酒駕情形,/dataset/drunk
高雄市違反高速公路及快速公路管理,高雄市違反高速公路及快速公路管理,/dataset/highway
高雄市違反道路交通管理事件,高雄市違反道路交通管理事件,/dataset/traff3
高雄市立空中大學_新聞媒體專區,高雄市立空中大學_新聞媒體專區,/dataset/newsmedia
高雄市政府警察局執行家戶訪查工作成果統計,高雄市政府警察局執行家戶訪查工作成果統計,/dataset/house
高雄市失蹤人口數,高雄市失蹤人口數,/dataset/missing
高雄市政府警察局家庭暴力防治,高雄市政府警察局家庭暴力防治,/dataset/domestic
即時空氣污染物連續自動監測設施(CEMS),提供空氣污染物連續自動監測設施(CEMS)參考資料：空氣污染物工廠名單(CEMS) 、空氣污染物項目代碼表(CEMS)  ,/dataset/automatic-monitoring-cems
高雄市政府警察局車輛使用狀況,高雄市政府警察局車輛使用狀況,/dataset/car
高雄市教保資源中心,提供高雄市教保資源中心,/dataset/http-kidedu-kh-edu-tw-website-main-index-aspx
高雄市取締色情,高雄市取締色情,/dataset/sex
高雄市取締賭博性電玩,高雄市取締賭博性電玩,/dataset/game
高雄市取締攤販數,高雄市取締攤販數,/dataset/vendors
高雄市現有警力配置,高雄市現有警力配置,/dataset/police
大寮區內機關學校,大寮區內機關學校,/dataset/daliaoschool
大寮區農業概況,大寮區農業概況,/dataset/daliaoagriculture
大寮區里民防災卡,大寮區里民防災卡,/dataset/daliaoprecaution
大寮區社區發展協會介紹,大寮區社區發展協會介紹,/dataset/daliaocommunity
大寮區行政區域,大寮區里行政區域,/dataset/daliaomap
高雄市政府捷運工程局文宣出版品—高雄捷運潛盾隧道施工專輯,高雄捷運潛盾隧道施工專輯,/dataset/publish05
高雄市政府捷運工程局文宣出版品—高雄捷運軌道專輯,高雄捷運軌道專輯,/dataset/publish06
高雄市政府捷運工程局文宣出版品—高雄捷運車站專輯,高雄捷運車站專輯,/dataset/publish07
高雄市政府捷運工程局文宣出版品—高雄捷運南岡山站影像專輯,高雄捷運南岡山站影像專輯,/dataset/publish08
高雄都會區捷運系統沿線用地抵觸戶拆遷處理情形—105年度,沿線用地抵觸戶拆遷處理—105年度,/dataset/line-land-demolition-105
高雄都會區捷運系統紅橘線用地辦理都市計畫變更情形—105年度,紅橘線用地辦理都市計畫變更情形—105年度,/dataset/redorange-land-urban-105
高雄環狀輕軌捷運系統用地及土地開發辦理都市計畫變更情形—105年度,環狀輕軌捷運系統用地及土地開發辦理都市計畫變更—105年度,/dataset/light-land-urban-105
高雄市政府捷運工程局辦理公開活動民眾參與情形—105年度,辦理公開活動民眾參與—105年度,/dataset/public-participation-105
高雄市政府捷運工程局公關業務辦理情形—105年度,公關業務辦理—105年度,/dataset/public-105
高雄都會區捷運系統用地取得相關會議辦理情形—105年度,用地取得相關會議辦理—105年度,/dataset/line-land-meeting-105
高雄市政府捷運工程局為民服務案件統計—105年度,為民服務案件統計—105年度,/dataset/serve-statistics-105
高雄都會區捷運系統用地辦理都市計畫變更情形—103年度,用地辦理都市計畫變更—103年度,/dataset/line-land-urban-103
高雄都會區捷運系統用地取得來源概況—105年度,用地取得來源概況—105年度,/dataset/line-land-source-105
教育局重大行事曆,提供教育局重大行事曆,/dataset/edb28
高雄市教育局人事類法令文件,有關本市教育局相關人事法令文件,/dataset/http-www-kh-edu-tw-rules-getdirectory-57
高雄市教育局各科室單位業務,有關教育局各科室單位業務,/dataset/edb71
高雄市教育局各式法令規章,有關本市教育局各式法令規章,/dataset/edb70
高雄市教育局各式表單,高雄市教育局各式表單提供,/dataset/edb69
高雄市與外國姊妹校締結名單,高雄市與國外學校締結姊妹校名單。,/dataset/sisterschool
高雄市各級學校訊息,高雄市各級學校訊息張貼,/dataset/edb68
高雄市政府教育局活動訊息,提供高雄市政府教育局活動訊息,/dataset/edb66
高雄市政府教育局新聞稿,提供高雄市政府教育局新聞訊息,/dataset/edb65
高雄市政府教育局局網最新公告,提供高雄市政府教育局局網最新公告,/dataset/edb24
本市公私立各級學校通訊資料,提供本市公私立各級學校通訊資料,/dataset/edb15
高雄市各級學校甄選公告,提供高雄市各級學校甄選公告,/dataset/edb41
高雄市補習班資訊管理系統,提供高雄市補習班資訊管理系統,/dataset/edb14
國民旅遊卡相關事項Q&A,行政院人事行政總處106年3月修訂版,/dataset/national-travel-card
天然災害停止上班及上課作業Q&A（問答資料）,天然災害停止上班及上課作業Q&A,/dataset/q-a106301
高雄市各級學校設有泳池名單,提供高雄市各級學校設有泳池名單,/dataset/swimmingpool
高雄市幼兒園招生,高雄市幼兒園招生宣導,/dataset/deptmanage
非營利幼兒園,非營利幼稚園宣導,/dataset/nonprofi-tkindergarten
幼教補助向下延伸至2歲,高雄市幼教補助向下延伸至2歲,/dataset/2year
家庭教育中心介紹,家庭教育中心介紹,/dataset/074128185
全國家庭教育諮詢專線宣導,提供全國家庭教育諮詢專線宣導,/dataset/4128185
高雄市立社教館講座影音專區,提供高雄市立社教館講座影音專區,/dataset/https-mail-kmseh-gov-tw-school-video-index-php
高雄市颱風豪雨期間開放車輛臨時停放處所一覽表,高雄市颱風豪雨期間開放車輛臨時停放處所一覽表,/dataset/http-www-tbkc-gov-tw-aservice0104-aspx
高雄市都市計畫主要計畫範圍圖,高雄市都市計畫主要計畫範圍圖之TWD97坐標向量數值圖檔(SHP),/dataset/urbanshp201704000001
高雄市政府捷運工程局文宣出版品清單,文宣出版品清單,/dataset/publish
高雄市政府捷運工程局文宣出版品—高雄捷運 Keep Going,高雄捷運 Keep Going 中華民國102年11月 ISBN：978-986-03-8940-1,/dataset/publish09
高雄都會區大眾捷運系統各路線經費來源—105年度,各路線經費來源—105年度,/dataset/line-fund-source-105
高雄都會區捷運系統工程計畫概況—105年度,工程計畫概況—105年度,/dataset/construction-overview-105
高雄都會區捷運系統各路線里程分佈概況—105年度,各路線里程分佈概況—105年度,/dataset/line-mileage-overview-105
高雄都會區大眾捷運系統環狀輕軌捷運第一階段系統兩側禁限建範圍公告,環狀輕軌第一階段禁限建範圍,/dataset/light-line-limit-scope
高雄都會區大眾捷運系統橘線兩側禁限建範圍公告,橘線禁限建範圍,/dataset/orange-line-limit-scope
哈瑪星及鄰近地區街屋風貌再現補助計畫,哈瑪星及鄰近地區街屋風貌再現補助計畫,/dataset/hamasen
高雄市老屋活化整修及經營補助計畫,提供當年度高雄市老屋活化整修及經營補助計畫辦法,/dataset/105old-house-renovation-allowance
高雄都會區大眾捷運系統紅線兩側禁限建範圍公告,紅線禁限建範圍,/dataset/red-line-limit-scope
高雄都會區大眾捷運系統環狀輕軌路線圖,環狀輕軌路線圖,/dataset/light-rail-map
高雄都會區大眾捷運系統整體路網圖,整體路網圖,/dataset/overall-rail-map
高雄市都市計畫細部計畫範圍圖,高雄市都市計畫細部計畫範圍圖之TWD97坐標向量數值圖檔(SHP),/dataset/urbanshp201704000002
高雄市公車車輛即時位置動態資料,"ProviderID,BusID,DutyStatus,BusStatus,RouteID,GoBack,Longitude,Latitude,Speed,Azimuth,DataTime,BusInfo_Id,",/dataset/bus-real-time-dynamic
高雄市公車路線Route ID資料,"ID,ProviderId,nameZh,gxcode,ddesc,departureZh,destinationZh,BusInfo_Id,",/dataset/department-of-transportation12
高雄市公車業者資料,"ID,nameZh,type,BusInfo_Id,",/dataset/department-of-transportation11
高雄市公車各路線去回程公車站點資料,"name,CenterName,EssentialInfo_Id,",/dataset/department-of-transportation15
大高雄果菜、花卉批發市場基本資料一覽表,大高雄果菜、花卉批發市場基本資料一覽表,/dataset/fruits-and-vegetables-and-flowe
大高雄家禽批發市場基本資料一覽表,大高雄家禽批發市場基本資料一覽表,/dataset/poultry
高雄市政府捷運工程局文宣出版品—舒活新脈動,舒活新脈動 中華民國105年02月 ISBN：978-986-04-8032-0,/dataset/publish10
大高雄肉品批發市場基本資料一覽表,大高雄肉品批發市場基本資料一覽表,/dataset/meat
近半年來易發生婦幼被害犯罪地點,近半年來易發生婦幼被害犯罪地點,/dataset/crime1
高雄市大寮區第２屆里長選舉候選人得票數統計表,高雄市大寮區第２屆里長選舉候選人得票數統計表,/dataset/daliao-village-head
高雄市A1類道路交通事故肇事、死亡、受傷人數,A1類道路交通事故肇事人數,/dataset/a1accident
內門區公所各課室業務執掌及申辦方式,內門區公所各課室業務執掌及申辦方式,/dataset/106-neimen-12
高雄市大寮區因應各項災害避難收容處所一覽表,高雄市大寮區因應各項災害避難收容處所一覽表,/dataset/daliaoharbour-of-refuge
內門區樂活行程規劃,內門區樂活行程規劃,/dataset/106-neimen-11
內門區社會福利申請表單,內門區社會福利申請表單,/dataset/106-neimen-10
內門區避難收容所及民意代表聯絡網,內門區避難收容所及民意代表聯絡網,/dataset/106-neimen-7
內門區各宗教團體聯絡網,內門區各宗教團體聯絡網,/dataset/106-neimen-5
內門區各機關聯絡網,內門區各機關聯絡網,/dataset/106-neimen-4
內門區基本資料,內門區基本資料,/dataset/106-neimen-3
內門區提升服務執行計畫,內門區提升服務執行計畫。,/dataset/106-neimen-2
105年高雄市政府1999話務中心話務中心服務量趨勢圖,提供105年各月高雄市政府1999話務中心話務中心服務量趨勢圖,/dataset/105-1999
104年大寮區公所單位預決算,104年大寮區公所單位預決算,/dataset/daliao10402
105年大寮區公所單位預決算,105年大寮區公所單位預決算,/dataset/daliao10502
105年高雄市火災次數按起火處所分,105年高雄市火災次數按起火處所分,/dataset/1060524005
105年高雄市火災次數分類及時間,105年高雄市火災次數分類及時間,/dataset/1060425001
大寮捷運站計程車接駁服務,大寮捷運站計程車接駁服務,/dataset/daliaotaxi
104年火災搶救日報表_以行政區作統計,104年火災搶救日報表_以行政區作統計,/dataset/1060419001
大寮區公所醫療服務車停靠站及往返時間表,大寮區公所醫療服務車停靠站及往返時間表,/dataset/train-service
大寮區廢棄物處理場回饋金支用情形,大寮區廢棄物處理場回饋金支用情形,/dataset/refuse-disposal
106年度警政預算,106年度警政預算,/dataset/106budget
中油回饋金運用情形,中油回饋金運用情形,/dataset/rock-oil
台電回饋金運用情形,台電回饋金運用情形,/dataset/electric-power
鳳山水庫回饋金運用情形,鳳山水庫回饋金運用情形,/dataset/reservoir
高雄市105年度取締酒駕前十大路口,公佈高雄市105年度取締酒駕前十大路口,/dataset/105drunk-driving-top-ten
高雄市105年度取締闖紅燈前十大路口,公佈高雄市105年度取締闖紅燈前十大路口,/dataset/105ban-red-intersection-top-ten
高雄市兒童少年嫌疑犯人數,高雄市兒童少年嫌疑犯人數,/dataset/number
高雄市刑事案件破獲率,高雄市刑事案件破獲率,/dataset/ci1
高雄市各分局轄區重要指標,高雄市各分局轄區重要指標,/dataset/indicator
高雄市外僑居留人數,高雄市外僑居留人數,/dataset/foreigner
高雄市政府警察局處理家庭暴力績效,家庭暴力績效,/dataset/domesticviolence
高雄市民間警力數,高雄市民間警力數,/dataset/police1
高雄市現住人口數-以警察轄區分,高雄市現住人口數-以警察轄區分,/dataset/destination
高雄市警局現有正式員額,高雄市警局現有正式員額,/dataset/posts
高雄市輔導成立守望相助組織成果,守望相助,/dataset/help
高雄市道路交通事故及處理舉發案件,高雄市道路交通事故及處理舉發案件,/dataset/traffic2
農會名冊,農會名冊資料,/dataset/http-data-gov-tw-license
高雄市小港區公所各里分配額度表,提供高雄市小港區回饋金各里分配額度表,/dataset/hdao
高雄市農業性合作社場,高雄市農業性合作社場,/dataset/cooperative
高雄市都市設計及土地使用開發許可審議委員名單,高雄市都市設計及土地使用開發許可審議委員名單,/dataset/urbdesignname
警政統計指標,警政統計指標,/dataset/statistic
高雄市取締酒駕及危險駕車勤務,高雄市取締酒駕及危險駕車勤務,/dataset/service1
高雄市經濟案件與取締電玩攤販,高雄市經濟案件與取締電玩攤販,/dataset/videogame
高雄市違反社會秩序維護法案件,高雄市違反社會秩序維護法案件,/dataset/socialorder
高雄市查獲毒品案件,高雄市查獲毒品案件,/dataset/drug
高雄市暴力犯罪統計,高雄市暴力犯罪統計,/dataset/violence
高雄市竊盜案件統計,高雄市竊盜案件統計,/dataset/burglary
高雄市處理刑事案件,高雄市處理刑事案件,/dataset/ci
106年內門區-里民防災卡,106年內門區里民防災卡,/dataset/106-neimen-1
高雄市都市設計及土地使用開發許可審議會議紀錄,高雄市都市設計及土地使用開發許可審議會議紀錄,/dataset/urbmeeting
105年列管計畫進度,列管計畫進度,/dataset/105-project
105年公文時效統計,公文時效統計,/dataset/document-time105
高雄市燕巢區公所場地使用管理規則收費標準表,高雄市燕巢區公所場地使用管理規則收費標準表,/dataset/http-yanchao-kcg-gov-tw
100年緊急救護日報表_以分隊作統計,100年緊急救護日報表_以分隊作統計,/dataset/106060420012
100年火災搶救日報表_以分隊作統計,100年火災搶救日報表_以分隊作統計,/dataset/1060420011
101年緊急救護日報表_以分隊作統計,101年緊急救護日報表_以分隊作統計,/dataset/1060420010
101年火災搶救日報表_以分隊作統計,101年火災搶救日報表_以分隊作統計,/dataset/1060420009
102年緊急救護日報表_以分隊作統計,102年緊急救護日報表_以分隊作統計,/dataset/1060420008
102年火災搶救日報表_以分隊作統計,102年火災搶救日報表_以分隊作統計,/dataset/1060420007
高雄市立社教館活動剪影,本市社教館活動剪影,/dataset/http-www-kmseh-gov-tw-04-photo-01-list-php
103年緊急救護日報表_以分隊作統計,103年緊急救護日報表_以分隊作統計,/dataset/1060420006
103年火災搶救日報表_以分隊作統計,103年火災搶救日報表_以分隊作統計,/dataset/1060420005
104年緊急救護日報表_以分隊作統計,104年緊急救護日報表_以分隊作統計,/dataset/1060420004
104年火災搶救日報表_以分隊作統計,104年火災搶救日報表_以分隊作統計,/dataset/1060420003
105年緊急救護日報表_以分隊作統計,105年緊急救護日報表_以分隊作統計,/dataset/1060420002
105年火災搶救日報表_以分隊作統計,105年火災搶救日報表_以分隊作統計,/dataset/1060420001
100年緊急救護日報表_以行政區作統計,100年緊急救護日報表_以行政區作統計,/dataset/1060419023
100年火災搶救日報表_以行政區作統計,100年火災搶救日報表_以行政區作統計,/dataset/1060419022
101年緊急救護日報表_以行政區作統計,101年緊急救護日報表_以行政區作統計,/dataset/1060419021
101年火災搶救日報表_以行政區作統計,101年火災搶救日報表_以行政區作統計,/dataset/1060419020
102年緊急救護日報表_以行政區作統計,102年緊急救護日報表_以行政區作統計,/dataset/1060419019
102年火災搶救日報表_以行政區作統計,102年火災搶救日報表_以行政區作統計,/dataset/1060419018
103年緊急救護日報表_以行政區作統計,103年緊急救護日報表_以行政區作統計,/dataset/1060419017
103年火災搶救日報表_以行政區作統計,103年火災搶救日報表_以行政區作統計,/dataset/1060419016
104年緊急救護日報表_以行政區作統計,104年緊急救護日報表_以行政區作統計,/dataset/1060419002
105年緊急救護日報表_以行政區作統計,105年緊急救護日報表_以行政區作統計,/dataset/1060419003
105年火災搶救日報表_以行政區作統計,105年火災搶救日報表_以行政區作統計,/dataset/1060419004
100年報案情形統計表,100年報案情形統計表,/dataset/100
101年報案情形統計表,101年報案情形統計表,/dataset/1060419014
102年報案情形統計表,102年報案情形統計表,/dataset/1060419013
103年報案情形統計表,103年報案情形統計表,/dataset/1060419012
104年報案情形統計表,104年報案情形統計表,/dataset/1060419011
105年報案情形統計表,105年報案情形統計表,/dataset/1060419010
106年消防局火災出動人員、車輛、船艇、直升機,106年消防局火災出動人員、車輛、船艇、直升機報表,/dataset/1060419009
105年其他案件統計表_以行政區作統計,105年其他案件統計表_以行政區作統計,/dataset/1060419008
105年其他案件統計表_以分隊作統計,105年其他案件統計表_以分隊作統計,/dataset/1060419007
104年其他案件統計表_以行政區作統計,104年其他案件統計表_以行政區作統計,/dataset/1060419006
104年其他案件統計表_以分隊作統計,104年其他案件統計表_以分隊作統計,/dataset/1060419005
高雄市立空中大學最新消息_教務公告,高雄市立空中大學最新消息_教務公告,/dataset/ouknewc11
高雄市立空中大學招生專區,高雄市立空中大學招生專區,/dataset/oukenroll
高雄市立空中大學開放課程,提供高雄市立空中大學開放課程,/dataset/ouk
社會救助-災民避難收容處所,災民避難收容所,/dataset/frg0703
高雄市立美術館-最新消息,高雄市立美術館-最新消息,/dataset/kmfa-news
高雄市立美術館-當期展覽,高雄市立美術館-當期展覽,/dataset/kmfa-exhibition
高雄市立歷史博物館-最新消息,高雄市立歷史博物館-最新消息,/dataset/khm-news
高雄市立歷史博物館-常態展覽,高雄市立歷史博物館-常態展覽,/dataset/khm-exhibition
高雄市立歷史博物館-當期展覽,高雄市立歷史博物館-當期展覽,/dataset/khm-current
高雄市大寮區公所106年度施政計畫,106年度施政計畫,/dataset/106plans
高雄市「清淨家園社區營造計畫」補（捐）助清冊,提供105年度高雄市「清淨家園社區營造計畫」補（捐）助清冊,/dataset/http-urban-web-kcg-gov-tw-kda-web-page-kda020100-jsp-pk01-kda060000-pk02-kda020101-jsp
高雄市都市計畫委員會委員名單,提供高雄市都市計畫委員會委員名單,/dataset/membership-of-city-planning-commission
高雄市住宅補貼辦理情形表,提供高雄市住宅補貼辦理情形表,/dataset/residence-allowance-handle-the-situation
高雄市「清淨家園社區營造計畫」實施計畫,提供106年高雄市「清淨家園社區營造計畫」實施計畫,/dataset/105integrated-community-development
歷年勞資爭議調解成果統計表(自104年起),自104年起，各年度勞資爭議調解案件數暨成立數統計,/dataset/a1
105年度全國公告之具高再犯危險之性侵害加害人人數統計總表,人數,/dataset/105f
高雄市非都市土地開發專責審議小組委員名單,提供高雄市非都市土地開發專責審議小組委員名單,/dataset/membership-of-non-urban-land-utilization
創造力中心活動訊息,本市創造力中心活動訊息公告,/dataset/http-creativity-kh-edu-tw-news-asp
105年度機關資料開放程度評鑑,根據105年4月8日頒布的「高雄市政府資料開放行動方案」辦理。,/dataset/105-opendata-eval
職業訓練課程,勞工局訓練就業中心辦理的各項職業訓練課程公告及報名方式，另外包含中央辦理台灣就業通職業訓練課程一併公告。,/dataset/vocational-training-courses
相關求才、求職、職業訓練資訊及最新資訊發佈,訓練就業中心最新資訊發佈，包含：政令宣導、就業服務、自辦職訓、技能檢定、就業服務電子報、辦理短期促進市民就業相關方案相關資訊及成果；申請勞動部勞動力發展署就業安定基金補助辦理失業者職業訓練課程相關資訊及歷年成果；辦理「職業訓練成果展暨創意競賽」相關資訊及歷年成果。,/dataset/kclab-news
訓練就業中心各就業服務站(台)據點,勞工局訓練就業中心各區服務服務民眾據點資訊，提供廠商求才、應徵才職與各職業課程詢服務。,/dataset/information-desk
大寮區基本資料表105年,大寮區基本資料105年,/dataset/105-basic-data-table
大寮區各社區發展協會理事長連絡電話一覽表,大寮區各社區發展協會理事長連絡電話一覽表,/dataset/community-association-phone
自行研究報告(辦理至104年度),提供自行研究報告,/dataset/104-own-research-report
交通事故斑點圖,交通事故斑點圖,/dataset/accident
高雄市交通即時路況,高雄市交通即時路況,/dataset/traffic
高雄市政府政風處暨所屬政風機構電話,提供高雄市政府政風處暨所屬政風機構電話,/dataset/ethics-phone-number
高雄市物價統計,顯示各不同時期物價對基期年之相對變動情形，以反映各時期貨幣購買力之變化。,/dataset/price-statistics
高雄市家庭收支調查,以抽樣方法蒐集、整理及分析家庭收支資料，以明瞭一般家庭所得、消費及生活之演變。,/dataset/income-and-expenditure
高雄市地方總預算,本市總預算編列情形。,/dataset/local-general-budget
高雄市重要統計快報-環保衛生,本市環保衛生重要指標，如市立醫院-入院人次等。,/dataset/environmental-health
高雄市重要統計快報-勞動就業,本市勞動就業重要指標，如勞動力人口等。,/dataset/labor-and-employment
高雄市重要統計快報-經濟建設,本市經濟建設重要指標，如公司登記等。,/dataset/economic-development
高雄市重要統計快報-教育文化,本市教育文化重要指標，如市立圖書館等。,/dataset/education-and-culture
高雄市重要統計快報-交通觀光,本市交通觀光重要指標，如汽車登記數等。,/dataset/transportation-sightseeing
高雄市重要統計快報-土地人口,本市人口土地重要指標，如土地面積等。,/dataset/land-population
高雄市重要統計快報-社會安全,本市社會安全重要指標，如警察人員數等。,/dataset/safe-society
高雄市重要統計快報-社會福利,本市社會福利重要指標，如低收入戶等。,/dataset/social-welfare
嬰幼兒托育服務-居家托育服務中心,居家托育服務中心,/dataset/frg0101
嬰幼兒托育服務-高雄市私立托嬰中心,高雄市私立托嬰中心,/dataset/frg0102
嬰幼兒托育服務-高雄市公設民營托嬰中心,高雄市公設民營托嬰中心,/dataset/frg0103
早期療育服務-個案管理中心及早期療育中心（據點）,個案管理中心,/dataset/frg0202
早期療育服務-兒童發展聯合評估中心與評估醫院,兒童發展聯合評估中心與評估醫院,/dataset/frg0203
早期療育服務-復健醫療院所,復健醫療院所,/dataset/frg0204
早期療育服務-身心障礙、發展遲緩兒童訓練機構,身心障礙、發展遲緩兒童訓練機構,/dataset/frg0205
兒童及少年服務-弱勢兒少社區照顧服務據點,弱勢兒少社區照顧服務據點,/dataset/frg0402
兒童及少年服務-收出養服務機構,收出養服務機構,/dataset/frg0404
兒童及少年服務-家庭寄養(服務據點),家庭寄養(服務據點),/dataset/frg0403
兒童及少年服務-兒童及少年服務機構,兒童及少年服務機構,/dataset/frg0405
兒童及少年服務-兒童及少年高風險家庭關懷輔導處遇服務單位,兒童及少年高風險家庭關懷輔導處遇服務單位,/dataset/frg0407
婦女服務-婦女福利機構,婦女福利機構,/dataset/frg0501
婦女服務-單親家園,單親家園,/dataset/frg0503
婦女服務-新住民社區服務據點,新住民社區服務據點,/dataset/frg0505
婦女服務-新住民家庭服務中心,新住民家庭服務中心,/dataset/frg0504
銀髮族服務-公立老人安養護機構,公立老人安養護機構,/dataset/frg0602
銀髮族服務-私立老人養護機構,私立老人養護機構,/dataset/frg0603
銀髮族服務-老人公寓,老人公寓,/dataset/frg0604
銀髮族服務-日間照顧中心,日間照顧中心,/dataset/frg0605
銀髮族服務-銀髮家園,銀髮家園,/dataset/frg0606
銀髮族服務-長期照顧管理中心,長期照顧管理中心,/dataset/frg0607
身心障礙者服務-全日型住宿機構,全日型住宿機構,/dataset/frg0802
銀髮族服務-居家服務,居家服務,/dataset/frg0608
銀髮族服務-社區照顧關懷據點,社區照顧關懷據點,/dataset/frg0609
銀髮族服務-銀髮農園,銀髮農園,/dataset/frg0610
銀髮族服務-老人活動中心,老人活動中心,/dataset/frg0611
銀髮族服務-家庭托顧,家庭托顧,/dataset/frg0613
銀髮族服務-多元照顧中心,多元照顧中心,/dataset/frg0614
銀髮族服務-日間托老,日間托老,/dataset/frg0615
銀髮族服務-高齡學習機構-長青學苑,高齡學習機構-長青學苑,/dataset/frg0616
銀髮族服務-高齡學習機構-市民學苑,高齡學習機構-市民學苑,/dataset/frg0617
銀髮族服務-高齡學習機構-樂齡大學,高齡學習機構-樂齡大學,/dataset/frg0619
銀髮族服務-高齡學習機構-松年大學,高齡學習機構-松年大學,/dataset/frg0620
銀髮族服務-高齡學習機構-勞工大學,高齡學習機構-勞工大學,/dataset/frg0621
銀髮族服務-高齡學習機構-部落大學,高齡學習機構-部落大學,/dataset/frg0622
社會救助-街友服務場所,街友服務場所,/dataset/frg0701
社會救助-國民年金辦事處,國民年金辦事處,/dataset/frg0702
社會救助-實物銀行,實物銀行,/dataset/frg0704
身心障礙者服務-綜合性身心障礙福利服務機構,綜合性身心障礙福利服務機構,/dataset/frg0801
身心障礙者服務-日間照顧機構,日間照顧機構,/dataset/frg0803
身心障礙者服務-輔具服務據點,輔具服務據點,/dataset/frg0805
身心障礙者服務-庇護工場,庇護工場,/dataset/frg0807
身心障礙者服務-視覺障礙者社會重建中心,視覺障礙者社會重建中心,/dataset/frg0806
身心障礙者服務-社區作業設施,社區作業設施,/dataset/frg0808
身心障礙者服務-日間照顧據點,日間照顧據點,/dataset/frg0809
身心障礙者服務-社區居住家園,社區居住家園,/dataset/frg0810
身心障礙者服務-身心障礙福利社團,身心障礙福利社團,/dataset/frg0811
身心障礙者服務-精神障礙者生活重建服務據點,精神障礙者生活重建服務據點,/dataset/frg0812
身心障礙者服務-全日型兼日間型生活重建機構,全日型兼日間型生活重建機構,/dataset/frg0813
身心障礙者服務-家庭托顧據點,家庭托顧據點,/dataset/frg0815
家庭暴力及性侵害防治服務-家庭暴力及性侵害防治中心,家庭暴力及性侵害防治中心,/dataset/frg0901
家庭暴力及性侵害防治服務-兒童青少年家庭與諮商中心,兒童青少年家庭與諮商中心,/dataset/frg0902
家庭暴力及性侵害防治服務-性侵害案件一站式服務醫療院所,性侵害案件一站式服務醫療院所,/dataset/frg0903
家庭暴力及性侵害防治服務-駐臺灣高雄地方法院家暴事件服務處,駐臺灣高雄地方法院家暴事件服務處,/dataset/frg0904
社會福利服務中心-綜合性福利服務,綜合性福利服務,/dataset/frg1001
志願服務推展-志願服務資源中心,志願服務資源中心,/dataset/frg1101
社會福利慈善事業基金會-基金會,基金會,/dataset/frg1301
社區發展服務,社區發展服務,/dataset/frg1401
合作社服務-工業合作社,工業合作社,/dataset/frg1601
合作社服務-消費合作社,消費合作社,/dataset/frg1602
合作社服務-公用合作社,公用合作社,/dataset/frg1603
合作社服務-社區合作社,社區合作社,/dataset/frg1604
本市各區公所,本市各區公所,/dataset/frg2001
人民團體-工業團體,工業團體,/dataset/frg2101
人民團體-商業團體,商業團體,/dataset/frg2102
人民團體-自由職業團體,自由職業團體,/dataset/frg2103
人民團體-教育會,教育會,/dataset/frg2104
人民團體-學術文化團體,學術文化團體,/dataset/frg2105
人民團體-醫療衛生團體,醫療衛生團體,/dataset/frg2106
人民團體-宗教團體,宗教團體,/dataset/frg2107
人民團體-體育團體,體育團體,/dataset/frg2108
人民團體-社會服務及慈善團體,社會服務及慈善團體,/dataset/frg2109
人民團體-國際團體,國際團體,/dataset/frg2110
人民團體-經濟業務團體,經濟業務團體,/dataset/frg2111
人民團體-環保團體,環保團體,/dataset/frg2112
人民團體-同鄉會,同鄉會,/dataset/frg2114
人民團體-其他公益團體,其他公益團體,/dataset/frg2116
人民團體-校友會,校友會,/dataset/frg2115
人民團體-宗親會,宗親會,/dataset/frg2113
銀髮族服務-高齡學習機構-樂齡中心,高齡學習機構-樂齡中心,/dataset/frg0618
銀髮族服務-公設民營養護機構,公設民營養護機構,/dataset/frg0601
高雄市105年度取締市區超速前十大路口,公佈高雄市105年度取締市區超速前十大路口,/dataset/105ten-speeding-ban
高雄市105年度取締未依規定兩段式左轉前十大路口,提供高雄市105年度取締未依規定兩段式左轉前十大路口,/dataset/105ban-two-stage-crossing
高雄市105年度取締併排停車前十大路口,公布高雄市105年度取締併排停車前十大路口,/dataset/105ten-sections-parallel-parking
高雄市105年度A1交通事故地點資料,公布高雄市104年度A1交通事故地點資料,/dataset/105-a1
高雄市105年度A2交通事故地點資料,高雄市105年度A2交通事故地點資料,/dataset/105-a2
高雄市政府警察局處理刑事案件(修正表),高雄市政府警察局處理刑事案件(修正表),/dataset/crime
台鐵捷運化-高雄市區鐵路地下化計畫園道用地開闢工程(愛河至哈爾濱街),提供台鐵捷運化-高雄市區鐵路地下化計畫園道用地開闢工程(愛河至哈爾濱街),/dataset/taitiejieyunhua105002
台鐵捷運化-高雄市區鐵路地下化計畫園道用地開闢工程(民族路至正義路),提供台鐵捷運化-高雄市區鐵路地下化計畫園道用地開闢工程(民族路至正義路),/dataset/taitiejieyunhua105001
大寮和發產業園區聯外道路開闢工程,提供大寮和發產業園區聯外道路開闢工程,/dataset/daliaohefa
大寮拷潭公墓南側道路開闢工程,提供大寮拷潭公墓南側道路開闢工程,/dataset/kaotan-project
取得高雄市政府資料開放平台所有資料集之資源清單,取得高雄市政府資料開放平台所有資料集之資源清單,/dataset/package-list
取得高雄市政府資料開放平台近期異動資料,取得高雄市政府資料開放平台近期異動資料,/dataset/recently-changed-packages-activity-list
高雄市104年度發生交通事故前十大路段,高雄市104年度發生交通事故前十大路段,/dataset/104top-ten-road-accidents
資訊可變標誌1.1版靜態資料,"cmsid,roadsection,locationpath,startlocationpoint,endlocationpoint,px,py,資料格式為交通部即時交通資訊發布標準格式v1.1,",/dataset/department-of-transportation3
路況監視系統1.1版靜態資料,"cctvid,roadsection,locationpath,startlocationpoint,endlocationpoint,px,py,資料格式為交通部即時交通資訊發布標準格式v1.1,",/dataset/department-of-transportation5
路段績效1.1版靜態資料,"routeid,sourceid,roadsection,locationpath,startlocationpoint,endlocationpoint,roadtype,fromkm,tokm,speedlimit,資料格式為交通部即時交通資訊發布標準格式v1.1,",/dataset/department-of-transportation7
路段績效1.1版服務水準門檻分級資料,"sourceid,level,levelname,index,topvalue,lowvalue,colorR,colorG,colorB,資料格式為交通部即時交通資訊發布標準格式v1.1,",/dataset/department-of-transportation8
車輛偵測器資料1.1版靜態資料,"vdid,routeid,roadsection,locationpath,startlocationpoint,endlocationpoint roadway,vsrnum,vdtype,locationtype,px,py資料格式為交通部即時交通資訊發布標準格式v1.1",/dataset/department-of-transportation18
路段績效1.1版動態資料,"routeid,level,value,traveltime,datacollecttime,資料格式為交通部即時交通資訊發布標準格式v1.1,",/dataset/department-of-transportation9
路況監視系統1.1版動態資料,"cctvid,url,status,資料格式為交通部即時交通資訊發布標準格式v1.1,",/dataset/department-of-transportation6
資訊可變標誌1.1版動態資料,"cmsid,status,message,資料格式為交通部即時交通資訊發布標準格式v1.1,",/dataset/department-of-transportation4
車輛偵測器資料1.1版5分鐘動態資料,提供車輛偵測器資料1.1版5分鐘動態資料,/dataset/department-of-transportation2
車輛偵測器資料1.1版1分鐘動態資料,提供車輛偵測器資料1.1版1分鐘動態資料,/dataset/department-of-transportation1
高雄市登革熱整合式醫療照護計畫合約醫療院所,提供登革熱整合式醫療照護計畫合約醫療院所資料,/dataset/dengue-integrated-medical-care-program-contract-medical-institution
高雄市登革熱整合式醫療照護計畫合約篩檢診所,提供登革熱整合式醫療照護計畫合約篩檢診所,/dataset/dengue-integrated-medical-care-program-contract-screening-clinic
高雄市心理諮商機構,提供高雄市心理諮商所及心理治療所,/dataset/psychologicalconsultative
高雄市加水站資料,提供高雄市加水站資料,/dataset/waterstation
高雄市藥局資料,提供高雄市藥局資料,/dataset/pharmacies
聘僱外勞專區,提供雇主引進外籍勞工入境後應注意之事項，並注意就業服務法相關規定，以免受罰。,/dataset/foreign
工作職缺,提供民眾各項職缺資訊,/dataset/jobs
高雄市指定藥癮戒治機構及替代治療機構,提供高雄市指定藥癮戒治機構及替代治療機構,/dataset/drugaddictiontreatmenttoreject
高雄市12歲以下身心障礙兒童口腔保健合作院所名單,提供高雄市12歲以下身心障礙兒童口腔保健合作院所名單,/dataset/childoralhealthinstitutes
高雄文化公車-路線景點,高雄文化公車-路線景點,/dataset/culture-bus-route-attractions
高雄文化公車-最新消息,高雄文化公車-最新消息,/dataset/culture-bus-news
紅毛港文化園區-最新消息,紅毛港文化園區-最新消息,/dataset/hongmaogang-new
文化資產,文化資產,/dataset/cultural-assets
公共藝術,提供公共藝術資訊,/dataset/public-art
高雄720空間影像網,提供高雄720空間影像網,/dataset/aerial-image
現場徵才活動,促進民眾就業率，提供廠商與民眾面對面機會，為民眾爭取求職機會。,/dataset/talent-activity
高雄市立圖書館-分館資訊,高雄市立圖書館-分館資訊,/dataset/public-reading-room
高雄市立圖書館-活動資訊,高雄市立圖書館-活動資訊,/dataset/ksml-news
高雄市政府文化局-最新消息,提供高雄市政府文化局-最新消息,/dataset/culture-news
高雄市政府文化局-各館訊息,提供高雄市政府文化局-各館訊息,/dataset/the-museum-post
高雄市政府文化局-民間藝文,提供高雄市政府文化局-民間藝文,/dataset/folk-arts
高雄市政府文化局-演出活動,提供高雄市政府文化局-演出活動,/dataset/performances
高雄市政府勞工局勞工歷年申訴服務中心成果(自104年起),高雄市政府勞工局勞工歷年申訴服務中心成果(自104年起),/dataset/a3
消防局105年火災出動人員、車輛、船艇、直升機月報表,提供消防局105年火災出動人員、車輛、船艇、直升機月報表,/dataset/105-5fire-out-monthly-reports
105年空氣污染物連續自動監測設施(CEMS),105年空氣污染物連續自動監測設施(CEMS)參考資料：空氣污染物工廠名單(CEMS) 、空氣污染物項目代碼表(CEMS)  ,/dataset/105-cems
104年空氣污染物連續自動監測設施(CEMS),104年空氣污染物連續自動監測設施(CEMS)參考資料：空氣污染物工廠名單(CEMS) 、空氣污染物項目代碼表(CEMS)  ,/dataset/104-cems
高雄市政府105年APPS累計下載次數資料表,提供高雄市政府APPS累計下載次數資料表,/dataset/apps-download-105
高雄市遠距健康照護服務據點,提供高雄市遠距健康照護服務據點,/dataset/remotehealthcareservice
高雄市老人健檢醫療院所,提供高雄市老人健檢醫療院所,/dataset/elderlyhealthcheck
高雄市子宮頸癌、乳癌、大腸癌、口腔癌健康篩檢、確診及治療醫療院所,提供高雄市子宮頸癌、乳癌、大腸癌、口腔癌健康篩檢、確診及治療醫療院所,/dataset/cancerhealthscreening
高雄市母嬰親善醫療院所,提供高雄市母嬰親善醫療院所資料,/dataset/maternalandchildhospital
高雄市戒菸門診合約醫事機構,提供高雄市戒菸門診合約機構資料,/dataset/smoking-cessation-clinic-contract-medical-institutions
高雄市二代戒菸合約機構,提供高雄市二代戒菸合約機構,/dataset/smokingcessation
高雄市產後護理機構(產後護理之家)名冊,提供高雄市產後護理機構(產後護理之家)名冊,/dataset/postnatalcareinstitutions
高雄市一般護理之家立案機構名單,提供高雄市一般護理之家立案機構名單,/dataset/nursinghome
高雄市立特殊教育學校通訊資料,提供高雄市立特殊教育學校通訊資料,/dataset/edb02
大寮區基本資料表104年,提供大寮區基本資料表104年,/dataset/104-basic-data-table
休閒農場場址及聯絡電話,提供休閒農場場址及聯絡電話,/dataset/leisure-farm-contact-information
105年度測速照相桿,105年度測速照相桿,/dataset/traffic1
105年楠梓區基本資料表,本區各資料統計數據,/dataset/nz-105
職務再設計服務流程、申請表格、審查核准補助名冊及歷年成果,職務再設計服務流程、申請表格、審查核准補助名冊及歷年成果,/dataset/design
高雄市消防分隊駐地位置圖,提供高雄市消防分隊駐地位置圖,/dataset/team-sites
消防局105年歲入預算表,提供消防局105年歲入預算表,/dataset/105annual-revenue-budget
消防局105年歲出預算表,提供消防局105年歲出預算表,/dataset/105annual-expenditure-budget
消防局歷年火災統計表,提供消防局歷年火災統計表,/dataset/fire-statistics-years
道路長度面積統計,道路長度面積統計,/dataset/gisroad-info
資遣通報,就業服務法第33條規定，雇主資遣員工時，應於員工離職之10日前，將被雇主資遣員工之姓名、性別、年齡、住址、電話、擔任工作、資遣事由及是否就業輔導等事項，列用通報當地主管機關及公立就業服務機構。但其資遣係因天災、事變或其他不可抗力之情事所致者，應自被資遣員工離職之日起三日內為之。違者將依同法第68條處新台幣3萬元以上15萬元以下罰鍰。,/dataset/bulletin
私立就業服務機構專區,提供本國人求職之另一管道,/dataset/local
就業服務電子報,訂閱與取消Job好康電子報介接資訊,/dataset/epaper
勞資爭議調解作業流程圖,勞資爭議調解作業流程,/dataset/a0
高雄市政府勞工局法律諮詢服務時間表,高雄市政府勞工局法律諮詢服務時間表,/dataset/a2
委託辦理身心障礙者職業訓練資訊,委託辦理身心障礙者職業訓練資訊,/dataset/training
自辦身心障礙者職業訓練資訊,自辦身心障礙者職業訓練資訊,/dataset/information-vocational
106年高市庇護性就業,106年高市庇護性就業相關訊息,/dataset/106-sheltered-workshop
身心障礙者職業訓練設備與協助服務相關資訊、流程及成果,身心障礙者職業訓練設備與協助服務相關資訊、流程及成果,/dataset/equipment
高雄市身心障礙者自力更生補助申請,申請身心障礙者自力更生,/dataset/106self-reliant
超額獎勵金,超額進用身心障礙者獎勵金,/dataset/reward-and-allowance
高雄市勞工職業災害慰問金,高雄市勞工職業災害慰問金發放,/dataset/occupational-injury-consolation
高雄市政府原民會-最新消息,最新消息,/dataset/newiac
104年高雄市土地段名代碼表,提供104年高雄市土地段名代碼表,/dataset/104land-code-table
天使之翼志工相關資訊,天使之翼志工相關資訊,/dataset/volunteers
職業重建服務窗口據點資訊,各據點服務地址說明,/dataset/stronghold
104年高雄市測量案件統計,提供104年高雄市測量案件統計,/dataset/survey-case-statistics104
高雄市AED裝設地點,提供高雄市公共場所AED「自動體外心臟電擊去顫器」裝設地點資料,/dataset/aed-installation-location
高雄市清潔針具自動服務機服務點,提供高雄市清潔針具自動服務機服務點資料,/dataset/cleaning-needle-automatic-service-machine
高雄市清潔針具執行點,提供高雄市清潔針具執行點資料,/dataset/qingjiezhenjuexecution
高雄市愛滋指定醫事機構,提供高雄市愛滋指定醫事機構,/dataset/aidsdesignatedmedicalinstitutions
高雄市愛滋病匿篩服務點,提供高雄市愛滋病匿篩服務點資料,/dataset/aids-screening-service-points
高雄市TB接觸者X光免部分負擔醫院,提供高雄市TB接觸者X光免部分負擔醫院資料,/dataset/tb-contact-with-x-ray-free-part-load-hospitals
高雄市潛伏結核感染治療（LTBI）合作醫院,提供高雄市潛伏結核感染治療（LTBI）合作醫院清冊,/dataset/ltbi-cooperative-hospitalltbi
高雄市心理加油站服務據點,提供高雄市心理加油站服務據點,/dataset/kaohsiung-city-psychological-service-station
高雄市精神護理之家,提供高雄市精神護理之家,/dataset/mentalhealthresources
高雄市精神復健機構,提供高雄市精神復健機構,/dataset/mentalrehabilitationinstitutions
高雄市精神醫療機構,提供高雄市精神醫療機構,/dataset/kaohsiung-city-mental-health-care-resources
高雄市空氣品質自動監測站位置,提供高雄市空氣品質自動監測站位置,/dataset/location-of-air-quality-automatic-monitoring-station-in-kaohsiung-city
高雄市衛生局所資料,提供高雄市衛生局所資料,/dataset/healthbureau
高雄市居家復健合約單位名冊,提供高雄市居家復健合約單位名冊,/dataset/rehabilitationcontract
岡山魚市場遷建工程之土地徵收,提供岡山魚市場遷建工程之土地徵收,/dataset/gangshan-yu-shi-relocation-project-land-acquisition
高雄市預防接種合約醫療院所,提供預防接種合約醫療院所,/dataset/vaccinationmedicalinstitutions
高雄市長期照顧管理中心,提供高雄市長期照顧管理中心資料,/dataset/long-termcarecenter
高雄市機構喘息合約單位名冊,提供高雄市機構喘息合約單位名冊,/dataset/institutionalrespite
高雄市居家喘息合約單位名冊,提供高雄市居家喘息合約單位名冊,/dataset/homerespitecontract
高雄市歷年登革熱感染分佈資料,提供高雄市歷年登革熱感染分佈資料,/dataset/dengueinfection
高雄市居家護理所名單,提供高雄市居家護理所名單,/dataset/homecare
高雄市居家護理合約單位名冊,提供高雄市居家護理合約單位名冊,/dataset/homecarecontracts
高雄市居家(社區)營養服務合約單位名冊,提供高雄市居家(社區)營養服務合約單位名冊,/dataset/nutritionservicescontract
高雄市衛生自主管理標章認證業者名冊,提供高雄市衛生自主管理標章認證業者名冊,/dataset/healthselfmanagementindustry
高雄市優良餐飲認證業者名冊,提供高雄市優良餐飲認證業者名冊,/dataset/excellentcateringindustry
高雄市化妝品製造業,高雄市化妝品製造業者,/dataset/cosmeticsmanufacturing
三民區公所基本資料表,三民區公所基本資料表105.09.30,/dataset/smddata
筆秀排水整治工程(第一期)徵收書圖,提供筆秀排水整治工程(第一期)徵收書圖,/dataset/bi-siou-drainage1
污水下水道用戶接管普及率,提供污水下水道用戶接管普及率,/dataset/take-over-penetration-rate
大寮排水上游段第一期改善工程徵收書圖,提供大寮排水上游段第一期改善工程徵收書圖,/dataset/diaosu-drainage
鳳山圳滯洪池工程徵收書圖,提供鳳山圳滯洪池工程徵收書圖,/dataset/fengshan-flood-pond
鼓山運河整治工程(第二標)徵收書圖,提供鼓山運河整治工程(第二標)徵收書圖,/dataset/gushan-canal-second-bid
後勁溪後續排水改善工程徵收書圖,提供後勁溪後續排水改善工程徵收書圖,/dataset/hou-jin-stream
高雄市原住民族文化園區ROT案規劃公開資訊,高雄市原住民族文化園區ROT案規劃公開資訊,/dataset/rot-public-information
高雄市原住民族文化園區ROT案前置作業計畫-公聽會會議紀錄,高雄市原住民族文化園區ROT案前置作業計畫-公聽會會議紀錄,/dataset/rot-public-hearing-record
高雄市原住民族產業工坊名單,高雄市原住民族產業工坊名單,/dataset/aboriginal-industry-workshop
原住民補助專區,原住民補助專區,/dataset/aboriginal-subsidy
高雄市原住民族部落大學,高雄市原住民族部落大學,/dataset/aboriginal-tribal-university
學校通訊資料,提供高雄空中大學學校通訊資料,/dataset/ouk-info
高雄紅橘線捷運車站中心座標,提供高雄紅橘線捷運車站中心座標,/dataset/red-orange-line-station
大寮區第二屆里長通訊錄,提供大寮區第二屆里長通訊錄,/dataset/2chief-of-village-phone
VOCs監測資料,VOCs監測資料,/dataset/vocs
全市清潔隊位置,全市清潔隊位置,/dataset/clean-team-location
廢食用油清除機構名單,提供廢食用油清除機構名單,/dataset/waste-oil-removal
警政知識,提供警政知識,/dataset/police-knowledge
高雄市104年前50大易肇事路口,高雄市104年前50大易肇事路口,/dataset/104-50accident-prone
高雄市103年前50大易肇事路口,提供高雄市103年前50大易肇事路口,/dataset/103-50accident-prone
高雄市102年前50大易肇事路口,提供高雄市102年前50大易肇事路口,/dataset/102-50accident-prone
高雄市101年前50大易肇事路口,高雄市101年前50大易肇事路口,/dataset/101-50accident-prone
高雄市104年度取締超速前十大路段,高雄市104年度取締超速前十大路段,/dataset/104ten-speeding-ban
高雄市104年度取締併排停車前十大路段,提供高雄市104年度取締併排停車前十大路段,/dataset/104ten-sections-parallel-parking
高雄市104年度取締酒後駕車前十大路口,提供高雄市104年度取締酒後駕車前十大路口,/dataset/104drunk-driving-top-ten
高雄市104年度取締未依規定兩段式左轉前十大路口,提供高雄市104年度取締未依規定兩段式左轉前十大路口,/dataset/104ban-two-stage-crossing
高雄市104年度取締闖紅燈前十大路口,提供高雄市104年度取締闖紅燈前十大路口,/dataset/104ten-ban-red-intersection
高雄市104年度A2交通事故地點資料,提供高雄市104年度A2交通事故地點資料,/dataset/104-a2accident
高雄市104年度A1交通事故地點資料,提供高雄市104年度A1交通事故地點資料,/dataset/104-a1accident
高雄市103年度A2交通事故地點資料,提供高雄市103年度A2交通事故地點資料,/dataset/103-a2accident
高雄市102年度A2交通事故地點資料,提供高雄市102年度A2交通事故地點資料,/dataset/102-a2accident
高雄市101年度A2交通事故地點資料,高雄市101年度A2交通事故地點資料,/dataset/101-a2accident
高雄市歷年重大交通事故地點資料,高雄市歷年重大交通事故地點資料,/dataset/years-major-accident-place
高雄市104年度發生交通事故前十大路口,提供高雄市104年度發生交通事故前十大路口,/dataset/104ten-intersection-accident
高雄市102年度A1交通事故地點資料,高雄市102年度A1交通事故地點資料,/dataset/102-a1accident
高雄市101年度A1交通事故地點資料,提供高雄市101年度A1交通事故地點資料,/dataset/101-a1-accident
高雄市各分局派出所轄區地址電話,提供高雄市各分局派出所轄區地址電話,/dataset/police-address-phone
高雄市即時公共訊息聯播服務平台補助辦法,高雄市即時公共訊息聯播服務平台補助辦法,/dataset/network-service-platform
高雄市104年登革熱緊急防治噴藥資料,提供高雄市104年登革熱緊急防治噴藥資料,/dataset/104denguespraying
高雄市身心障礙醫院及公所窗口聯繫表,提供高雄市身心障礙醫院及公所窗口聯繫表,/dataset/disabilityhospital
駁二 Pier2交通資訊,提供駁二 Pier2交通資訊,/dataset/pier2-traffic
高雄市政府文化局-展覽活動,提供高雄市政府文化局-展覽活動,/dataset/exhibitions
高雄文化公車-公車資訊,高雄文化公車-公車資訊,/dataset/bus-information
高雄市104年火災公務統計報表,提供高雄市104年火災公務統計報表,/dataset/104fire-statistical-reports
飲食教育網,提供飲食教育網,/dataset/edb43
E-game U世代島嶼學習樂園,提供E-game U世代島嶼學習樂園,/dataset/edb42
學校交通導引資訊,提供學校交通導引資訊,/dataset/edb40
雲端知識海,提供雲端知識海,/dataset/edb39
愛閱網,提供愛閱網,/dataset/edb38
喜閱網,提供喜閱網,/dataset/edb37
幼愛閱,提供幼愛閱,/dataset/edb36
高雄市體育處所屬場地相關法令,提供高雄市體育處所屬場地相關法令,/dataset/edb35
高雄市體育處所屬場地收費標準,提供高雄市體育處所屬場地收費標準,/dataset/edb34
高雄市立社教館各場地介紹及設備,提供高雄市立社教館各場地介紹及設備,/dataset/edb33
高雄市立社教館各場地開放時間,提供高雄市立社教館各場地開放時間,/dataset/edb32
高雄市立社教館各種場地使用收費標準表,提供高雄市立社教館各種場地使用收費標準表,/dataset/edb31
高雄市104學年幼兒園基礎評鑑結果,提供高雄市104學年幼兒園基礎評鑑結果,/dataset/edb30
教育局所屬學校iTaiwan開放查詢,提供教育局所屬學校iTaiwan開放查詢,/dataset/edb29
高雄市體育處活動訊息,提供高雄市體育處活動訊息,/dataset/edb27
高雄市政府教育局家庭教育中心活動訊息,提供高雄市政府教育局家庭教育中心活動訊息,/dataset/edb26
高雄市立社教館演講親子及其他活動線上報名,提供高雄市立社教館演講親子及其他活動線上報名,/dataset/edb25
寒暑假課後社團活動,提供寒暑假課後社團活動,/dataset/edb23
國民中學學區劃分一覽表,提供國民中學學區劃分一覽表,/dataset/edb22
國中總量管制學校及空間充裕學校,提供國中總量管制學校及空間充裕學校,/dataset/edb21
自行管理營運場館聯絡表,提供自行管理營運場館聯絡表,/dataset/edb20
105學年度國中小補校,提供105學年度國中小補校,/dataset/edb19
高雄市(105年度)颱風豪雨期間開放車輛臨時停放處所一覽表,提供高雄市(105年度)颱風豪雨期間開放車輛臨時停放處所一覽表,/dataset/edb18
國民小學學區劃分一覽表,提供國民小學學區劃分一覽表,/dataset/edb17
全國課後照顧服務中心資訊網,提供全國課後照顧服務中心資訊網,/dataset/edb16
高雄市教育基金會,高雄市教育基金會,/dataset/edb13
高雄市立社教館線上場地租借,提供高雄市立社教館線上場地租借,/dataset/edb11
高雄市立社教館最新消息,提供高雄市立社教館最新消息,/dataset/edb09
高雄市立社教館教育推廣班線上報名,提供高雄市立社教館教育推廣班線上報名,/dataset/edb08
高雄市立社教館活動概況,提供高雄市立社教館活動概況,/dataset/edb07
高雄市樂齡通訊資料一覽表,提供高雄市樂齡通訊資料一覽表,/dataset/edb06
高雄市社區大學通訊資料一覽表,提供高雄市社區大學通訊資料一覽表,/dataset/edb05
高雄市因應各項災害避難收容場所學校一覽表,提供高雄市因應各項災害避難收容場所學校一覽表,/dataset/edb04
高雄市各體育館分佈資訊查詢,提供高雄市各體育館分佈資訊查詢,/dataset/edb03
公私立幼兒園通訊資料,提供公私立幼兒園通訊資料,/dataset/edb01
高雄市公告實施都市更新地區計畫,提供高雄市公告實施都市更新地區計畫,/dataset/announcement-of-implementing-urban-redevelopment
高雄市非都市土地開發專責審議小組審議會議紀錄,提供高雄市非都市土地開發專責審議小組審議會議紀錄,/dataset/minutes-of-control-of-non-urban-land-utilization
高雄市都市計畫委員會審議會議紀錄,提供高雄市都市計畫委員會審議會議紀錄,/dataset/minutes-of-city-planning-commission
高雄市列管特定紀念樹木清冊,提供高雄市列管特定紀念樹木清冊,/dataset/commemoration-tree
